code_wil,code_48,code_58,nom,nom_maj,nom_ar
1,101,101,Adrar,ADRAR,أدرار
1,115,102,Fenoghil,FENOGHIL,فنوغيل
1,102,103,Tamest,TAMEST,تاماست
1,104,104,Reggane,REGGANE,رقان
1,118,105,Sali,SALI,سالي
1,105,106,In Zghmir,IN ZGHMIR,إن زغمير
1,119,107,Akabli,AKABLI,أقبلي
1,106,108,Tit,TIT,تيت
1,121,109,Ouled Ahmed Timmi,OULED AHMED TIMMI,أوﻻد أحمد تيمي
1,108,110,Tsabit,TSABIT,تسابيت
1,122,111,Bouda,BOUDA,بودة
1,111,112,Zaouiet Kounta,ZAOUIET KOUNTA,زاوية كنتة
1,112,113,Aoulef,AOULEF,أولف
1,126,114,Sebaa,SEBAA,السبع
1,113,115,Timekten,TIMEKTEN,تيمقتن
1,114,116,Tamantit,TAMANTIT,تامنطيت
2,201,201,Chlef,CHLEF,الشلف
2,202,202,Tenes,TENES,
2,203,203,Benairia,BENAIRIA,
2,204,204,El Karimia,EL KARIMIA,
2,205,205,Tadjna,TADJENA,
2,206,206,Taougrite,TAOUGRITE,
2,207,207,Beni Haoua,BENI HAOUA,
2,208,208,Sobha,SOBHA,
2,209,209,Harchoun,HARCHOUN,
2,210,210,Ouled Fares,OULED FARES,
2,211,211,Sidi Akkacha,SIDI AKKACHA,
2,212,212,Boukadir,BOUKADIR,
2,213,213,Beni Rached,BENI RACHED,
2,214,214,Talassa,TALASSA,
2,215,215,Herenfa,HERENFA,
2,216,216,Oued Ghoussine,OUED GHOUSSINE,
2,217,217,Dahra,DAHRA,
2,218,218,Ouled Abbes,OULED ABBES,
2,219,219,Sendjas,SENDJAS,
2,220,220,Zeboudja,ZEBOUDJA,
2,221,221,Oued Sly,OUED SLY,
2,222,222,Abou El Hassen,ABOU EL HASSEN,
2,223,223,El Marsa,EL MARSA,
2,224,224,Chettia,CHETTIA,
2,225,225,Sidi Abderrahmane,SIDI ABDERRAHMANE,
2,226,226,Moussadek,MOUSSADEK,
2,227,227,El Hadjadj,EL HADJADJ,
2,228,228,Labiod Medjadja,LABIODH MEDJADJA,
2,229,229,Oued Fodda,OUED FODDA,
2,230,230,Ouled Ben Abdelkader,OULED BEN ABDELKADER,
2,231,231,Bouzghaia,BOUZEGHAIA,
2,232,232,Ain Merane,AIN MERANE,
2,233,233,Oum Drou,OUM DROU,
2,234,234,Breira,BREIRA,
2,235,235,Beni Bouattab,BENI BOUATTAB,
3,301,301,Laghouat,LAGHOUAT,اﻷغواط
3,302,302,Ksar El Hirane,KSAR EL HIRANE,
3,303,303,Mekhareg,MEKHAREG,
3,304,304,Sidi Makhlouf,SIDI MAKHLOUF,
3,305,305,Hassi Delaa,HASSI DHELAA,
3,306,306,Hassi R Mel,HASSI RMEL,
3,307,307,Ain Mahdi,AIN MADHI,
3,308,308,Tadjmout,TADJEMOUT,
3,309,309,Kheneg,KHENEG,
3,310,310,Gueltat Sidi Saad,GUELTAT SIDI SAAD,
3,311,311,Ain Sidi Ali,AIN SIDI ALI,
3,312,312,Beidha,BEIDHA,
3,313,313,Brida,BRIDA,
3,314,314,El Ghicha,EL GHICHA,
3,315,315,Hadj Mechri,HADJ MECHRI,
3,316,316,Sebgag,SEBGAG,
3,317,317,Taouiala,TAOUILA,
3,318,318,Tadjrouna,TADJROUNA,
3,319,319,Aflou,AFLOU,
3,320,320,El Assafia,EL ASSAFIA,
3,321,321,Oued Morra,OUED MORRA,
3,322,322,Oued M Zi,OUED MZI,
3,323,323,El Haouaita,EL HAOUAITA,
3,324,324,Sidi Bouzid,SIDI BOUZID,
4,401,401,Oum El Bouaghi,OUM EL BOUAGHI,أم البواقي
4,402,402,Ain Beida,AIN BEIDA,
4,403,403,Ainmlila,AIN MLILA,
4,404,404,Behir Chergui,BEHIR CHERGUI,
4,405,405,El Amiria,EL AMIRIA,
4,406,406,Sigus,SIGUS,
4,407,407,El Belala,EL BELALA,
4,408,408,Ain Babouche,AIN BABOUCHE,
4,409,409,Berriche,BERRICHE,
4,410,410,Ouled Hamla,OULED HAMLA,
4,411,411,Dhala,DHALAA,
4,412,412,Ain Kercha,AIN KERCHA,
4,413,413,Hanchir Toumghani,HANCHIR TOUMGHANI,
4,414,414,El Djazia,EL DJEZIA,
4,415,415,Ain Diss,AIN DISS,
4,416,416,Fkirina,FKIRINA,
4,417,417,Souk Naamane,SOUK NAAMANE,
4,418,418,El Zorg,EL ZORG,
4,419,419,El Fedjoudj Boughrara Saoudi,EL FEDJOUDJ BOUGHRARA SAOUDI,
4,420,420,Ouled Zouai,OULED ZOUAI,
4,421,421,Bir Chouhada,BIR CHOUHADA,
4,422,422,Ksar Sbahi,KSAR SBAHI,
4,423,423,Oued Nini,OUED NINI,
4,424,424,Meskiana,MESKIANA,
4,425,425,Ain Fekroune,AIN FAKROUN,
4,426,426,Rahia,REHIA,
4,427,427,Ain Zitoun,AIN ZITOUN,
4,428,428,Ouled Gacem,OULED GACEM,
4,429,429,El Harmilia,EL HARMILIA,
5,501,501,Batna,BATNA,باتنة
5,502,502,Ghassira,GHASSIRA,
5,503,503,Maafa,MAAFA,
5,504,504,Merouana,MEROUANA,
5,505,505,Seriana,SERIANA,
5,506,506,Menaa,MENAA,
5,507,507,El Madher,EL MADHER,
5,508,508,Tazoult,TAZOULT,
5,509,509,Ngaous,NGAOUS,
5,510,510,Guigba,GUIGBA,
5,511,511,Inoughissen,INOUGHISSENE,
5,512,512,Ouyoun El Assafir,OUYOUN EL ASSAFIR,
5,513,513,Djerma,DJERMA,
5,514,514,Bitam,BITAM,
5,515,515,Metkaouak,METKAOUAK,
5,516,516,Arris,ARRIS,
5,517,517,Kimmel,KIMMEL,
5,518,518,Tilatou,TILATOU,
5,519,519,Ain Djasser,AIN DJASSER,
5,520,520,Ouled Selam,OULED SELLAM,
5,521,521,Tigherghar,TIGHARGHAR,
5,522,522,Ain Yagout,AIN YAGOUT,
5,523,523,Fesdis,FESDIS,
5,524,524,Sefiane,SEFIANE,
5,525,525,Rahbat,RAHBAT,
5,526,526,Tighanimine,TIGHANIMINE,
5,527,527,Lemsen,LEMCEN,
5,528,528,Ksar Belezma,KSAR BELEZMA,
5,529,529,Seggana,SEGGANA,
5,530,530,Ichmoul,ICHEMOUL,
5,531,531,Foum Toub,FOUM TOUB,
5,532,532,Beni Foudhala El Hakania,BENI FOUDHALA EL HAKANIA,
5,533,533,Oued El Ma,OUED EL MA,
5,534,534,Talkhamt,TALKHEMT,
5,535,535,Bouzina,BOUZINA,
5,536,536,Chemora,CHEMORA,
5,537,537,Oued Chaaba,OUED CHAABA,
5,538,538,Taxlent,TAXLENT,
5,539,539,Gosbat,GOSBAT,
5,540,540,Ouled Aouf,OULED AOUF,
5,541,541,Boumagueur,BOUMAGUER,
5,542,542,Barika,BARIKA,
5,543,543,Djezzar,DJEZZAR,
5,544,544,Tkout,TKOUT,
5,545,545,Ain Touta,AIN TOUTA,
5,546,546,Hidoussa,HIDOUSSA,
5,547,547,Teniet El Abed,THENIET EL ABED,
5,548,548,Oued Taga,OUED TAGA,
5,549,549,Ouled Fadel,OULED FADEL,
5,550,550,Timgad,TIMGAD,
5,551,551,Ras El Aioun,RAS EL AIOUN,
5,552,552,Chir,CHIR,
5,553,553,Ouled Si Slimane,OULED SI SLIMANE,
5,554,554,Zanat El Beida,ZANA EL BEIDA,
5,555,555,Amdoukal,MDOUKAL,
5,556,556,Ouled Ammar,OULED AMMAR,
5,557,557,El Hassi,EL HASSI,
5,558,558,Lazrou,LAZROU,
5,559,559,Boumia,BOUMIA,
5,560,560,Boulhilat,BOULEHILET,
5,561,561,Larbaa,LARBAA,
6,601,601,Bejaia,BEJAIA,بجاية
6,602,602,Amizour,AMIZOUR,
6,603,603,Ferraoun,FERRAOUN,
6,604,604,Taourirt Ighil,TAOURIRT IGHIL,
6,605,605,Chelata,CHELATA,
6,606,606,Tamokra,TAMOKRA,
6,607,607,Timzrit,TIMZRIT,
6,608,608,Souk El Thenine,SOUK EL THENINE,
6,609,609,Sidi Said,SIDI SAID,
6,610,610,Tinebdar,TINEBDAR,
6,611,611,Tichi,TICHI,
6,612,612,Semaoune,SEMAOUNE,
6,613,613,Kendira,KENDIRA,
6,614,614,Tifra,TIFRA,
6,615,615,Ighram,IGHRAM,
6,616,616,Amalou,AMALOU,
6,617,617,Ighil Ali,IGHIL ALI,
6,618,618,Ifelain Ilmathen,IFELAIN ILMATHEN,
6,619,619,Toudja,TOUDJA,
6,620,620,Darguina,DARGUINA,
6,621,621,Sidi Ayad,SIDI AYAD,
6,622,622,Aokas,AOKAS,
6,623,623,Beni Djellil,BENI DJELLIL,
6,624,624,Adekar,ADEKAR,
6,625,625,Akbou,AKBOU,
6,626,626,Seddouk,SEDDOUK,
6,627,627,Tazmalt,TAZMALT,
6,628,628,Ait Rizine,AIT R_ZINE,
6,629,629,Chemini,CHEMINI,
6,630,630,Souk Oufella,SOUK OUFELLA,
6,631,631,Taskriout,TASKRIOUT,
6,632,632,Tibane,TIBANE,
6,633,633,Tala Hamza,TALA HAMZA,
6,634,634,Barbacha,BARBACHA,
6,635,635,Beni Ksila,BENI KSILA,
6,636,636,Ouzellaguen,OUZELLAGUEN,
6,637,637,Bouhamza,BOUHAMZA,
6,638,638,Beni Melikeche,BENI MELIKECH,
6,639,639,Sidi Aich,SIDI AICH,
6,640,640,El Kseur,EL KSEUR,
6,641,641,Melbou,MELBOU,
6,642,642,Akfadou,AKFADOU,
6,643,643,Leflaye,LEFLAYE,
6,644,644,Kherrata,KHERRATA,
6,645,645,Draa El Kaid,DRAA EL KAID,
6,646,646,Tamridjet,TAMRIDJET,
6,647,647,Ait Smail,AIT SMAIL,
6,648,648,Boukhelifa,BOUKHELIFA,
6,649,649,Tizi Nberber,TIZI NBERBER,
6,650,650,Beni Maouche,BENI MAOUCHE,
6,651,651,Oued Ghir,OUED GHIR,
6,652,652,Boudjellil,BOUDJELLIL,
7,701,701,Biskra,BISKRA,بسكرة
7,702,702,Oumach,OUMACH,أوماش
7,703,703,Branis,BRANIS,البرانس
7,704,704,Chetma,CHETMA,شتمة
7,711,705,Sidi Okba,SIDI OKBA,سيدي عقبة
7,718,706,Aïn Zaatout,AÏN ZAATOUT,عين زعطوط
7,712,707,M’Chounèche,M’CHOUNÈCHE,مشونش
7,713,708,El Haouch,EL HAOUCH,الحوش
7,716,709,El Feïdh,EL FEÏDH,الفيض
7,715,710,Zeribet El Oued,ZERIBET EL OUED,زريبة الوادي
7,714,711,Aïn Naga,AÏN NAGA,عين الناقة
7,717,712,El Kantara,EL KANTARA,القنطرة
7,719,713,El Outaya,EL OUTAYA,الوطاية
7,720,714,Djemourah,DJEMOURAH,جمورة
7,728,715,Meziraa,MEZIRAA,المزيرعة
7,722,716,Lioua,LIOUA,لواء
7,723,717,Lichana,LICHANA,لشانة
7,724,718,Ourlal,OURLAL,أورﻻل
7,725,719,M'Lili,M'LILI,مليلي
7,726,720,Foughala,FOUGHALA,فوغالة
7,727,721,Bordj Ben Azzouz,BORDJ BEN AZZOUZ,برج بن عزوز
7,721,722,Tolga,TOLGA,طولقة
7,733,723,Khenguet Sidi Nadji,KHENGUET SIDI NADJI,خنقة سيدي ناجي
7,730,724,Mekhadma,MEKHADMA,مخادمة
7,731,725,El Ghrous,EL GHROUS,الغروس
7,732,726,El Hadjeb,EL HADJEB,الحاجب
7,729,727,Bouchagroun,BOUCHAGROUN,بوشقرون
8,801,801,Béchar,BÉCHAR,بشار
8,810,802,Kenadsa,KENADSA,قنادسة
8,802,803,Erg Ferradj,ERG FERRADJ,عرق فراج
8,804,804,Meridja,MERIDJA,مريجة
8,806,805,Lahmar,LAHMAR,اﻻحمر
8,816,806,Mogheul,MOGHEUL,موغل
8,817,807,Abadla,ABADLA,العبادلة
8,821,808,Béni Ounif,BÉNI OUNIF,بني ونيف
8,815,809,Boukaïs,BOUKAÏS,بوقايس
8,813,810,Taghit,TAGHIT,تاغيت
8,809,811,Mechraa Houari Boumediène,MECHRAA HOUARI BOUMEDIÈNE,مشرع هواري بومدين
9,901,901,Blida,BLIDA,البليدة
9,902,902,Chebli,CHEBLI,
9,903,903,Bouinan,BOUINAN,
9,904,904,Oued El Alleug,OUED EL ALLEUG,
9,905,905,Ouled Yaich,OULED YAICH,
9,906,906,Chrea,CHREA,
9,907,907,El Affroun,EL AFFROUN,
9,908,908,Chiffa,CHIFFA,
9,909,909,Hammam Melouane,HAMMAM MELOUANE,
9,910,910,Ben Khelil,BEN KHELIL,
9,911,911,Soumaa,SOUMAA,
9,912,912,Mouzaia,MOUZAIA,
9,913,913,Souhane,SOUHANE,
9,914,914,Meftah,MEFTAH,
9,915,915,Ouled Slama,OULED SLAMA,
9,916,916,Boufarik,BOUFARIK,
9,917,917,Larbaa,LARBAA,
9,918,918,Oued Djer,OUED DJER,
9,919,919,Beni Tamou,BENI TAMOU,
9,920,920,Bouarfa,BOUARFA,
9,921,921,Beni Mered,BENI MERED,
9,922,922,Bougara,BOUGARA,
9,923,923,Guerrouaou,GUERROUAOU,
9,924,924,Djebabra,DJEBABRA,
9,925,925,Ain Romana,AIN ROMANA,
10,1001,1001,Bouira,BOUIRA,البويرة
10,1002,1002,El Asnam,EL ASNAM,
10,1003,1003,Guerrouma,GUERROUMA,
10,1004,1004,Souk El Khemis,SOUK EL KHEMIS,
10,1005,1005,Kadiria,KADIRIA,
10,1006,1006,Hanif,HANIF,
10,1007,1007,Dirah,DIRAH,
10,1008,1008,Ait Laaziz,AIT LAAZIZ,
10,1009,1009,Taghzout,TAGHZOUT,
10,1010,1010,Raouraoua,RAOURAOUA,
10,1011,1011,Mezdour,MEZDOUR,
10,1012,1012,Haizer,HAIZER,
10,1013,1013,Lakhdaria,LAKHDARIA,
10,1014,1014,Maala,MAALA,
10,1015,1015,El Hachimia,EL HACHIMIA,
10,1016,1016,Aomar,AOMAR,
10,1017,1017,Chorfa,CHORFA,
10,1018,1018,Bordj Oukhriss,BORDJ OUKHRISS,
10,1019,1019,El Adjiba,EL ADJIBA,
10,1020,1020,El Hakimia,EL HAKIMIA,
10,1021,1021,El Khabouzia,EL KHABOUZIA,
10,1022,1022,Ahl El Ksar,AHL EL KSAR,
10,1023,1023,Bouderbala,BOUDERBALA,
10,1024,1024,Zbarbar,ZBARBAR,
10,1025,1025,Ain El Hadjar,AIN EL HADJAR,
10,1026,1026,Djebahia,DJEBAHIA,
10,1027,1027,Aghbalou,AGHBALOU,
10,1028,1028,Taguedit,TAGUEDIT,
10,1029,1029,Ain Turk,AIN TURK,
10,1030,1030,Saharidj,SAHARIDJ,
10,1031,1031,Dechmia,DECHMIA,
10,1032,1032,Ridane,RIDANE,
10,1033,1033,Bechloul,BECHLOUL,
10,1034,1034,Boukram,BOUKRAM,
10,1035,1035,Ain Bessam,AIN BESSAM,
10,1036,1036,Bir Ghbalou,BIR GHBALOU,
10,1037,1037,Mchedallah,MCHEDALLAH,
10,1038,1038,Sour El Ghozlane,SOUR EL GHOZLANE,
10,1039,1039,Maamora,MAAMORA,
10,1040,1040,Ouled Rached,OULED RACHED,
10,1041,1041,Ain Laloui,AIN LALOUI,
10,1042,1042,Hadjera Zerga,HADJERA ZERGA,
10,1043,1043,Ath Mansour,ATH MANSOUR,
10,1044,1044,El Mokrani,EL MOKRANI,
10,1045,1045,Oued El Berdi,OUED EL BERDI,
11,1101,1101,Tamenghasset,TAMENGHASSET,تامنغست
11,1102,1102,Abalessa,ABALESSA,أباليسا
11,1105,1103,Idlès,IDLÈS,إدلس
11,1106,1104,Tazrouk,TAZROUK,تازروق
11,1109,1105,In Amguel,IN AMGUEL,إن أمقل
12,1201,1201,Tebessa,TEBESSA,تبسة
12,1202,1202,Bir El Ater,BIR EL ATER,
12,1203,1203,Cheria,CHERIA,
12,1204,1204,Stah Guentis,STAH GUENTIS,
12,1205,1205,El Aouinet,EL AOUINET,
12,1206,1206,Lahouidjbet,EL HOUIDJBET,
12,1207,1207,Safsaf El Ouesra,SAFSAF EL OUESRA,
12,1208,1208,Hammamet,HAMMAMET,
12,1209,1209,Negrine,NEGRINE,
12,1210,1210,Bir Mokadem,BIR MOKADEM,
12,1211,1211,El Kouif,EL KOUIF,
12,1212,1212,Morsott,MORSOT,
12,1213,1213,El Ogla,EL OGLA,
12,1214,1214,Bir Dheheb,BIR DHEHEB,
12,1215,1215,El Ogla El Malha,EL OGLA EL MALHA,
12,1216,1216,Gorriguer,GOURIGUEUR,
12,1217,1217,Bekkaria,BEKKARIA,
12,1218,1218,Boukhadra,BOUKHADRA,
12,1219,1219,El Ouenza,EL OUENZA,
12,1220,1220,El Ma Labiod,EL MA LABIOD,
12,1221,1221,Oum Ali,OUM ALI,
12,1222,1222,Thlidjene,THLIDJENE,
12,1223,1223,Ain Zerga,AIN ZERGA,
12,1224,1224,El Meridj,EL MERIDJ,
12,1225,1225,Boulhaf Dyr,BOULHAF DYR,
12,1226,1226,Bedjene,BEDJENE,
12,1227,1227,El Mazeraa,EL MAZERAA,
12,1228,1228,Ferkane,FERKANE,
13,1301,1301,Tlemcen,TLEMCEN,تلمسان
13,1302,1302,Beni Mester,BENI MESTER,
13,1303,1303,Ain Tallout,AIN TALLOUT,
13,1304,1304,Remchi,REMCHI,
13,1305,1305,El Fehoul,EL FEHOUL,
13,1306,1306,Sabra,SABRA,
13,1307,1307,Ghazaouet,GHAZAOUET,
13,1308,1308,Souani,SOUANI,
13,1309,1309,Djebala,DJEBALA,
13,1310,1310,El Gor,EL GOR,
13,1311,1311,Oued Chouly,OUED CHOULY,
13,1312,1312,Ain Fezza,AIN FEZZA,
13,1313,1313,Ouled Mimoun,OULED MIMOUN,
13,1314,1314,Amieur,AMIEUR,
13,1315,1315,Ain Youcef,AIN YOUCEF,
13,1316,1316,Zenata,ZENATA,
13,1317,1317,Beni Snous,BENI SNOUS,
13,1318,1318,Bab El Assa,BAB EL ASSA,
13,1319,1319,Dar Yaghmouracene,DAR YAGHMOURASSENE,
13,1320,1320,Fellaoucene,FELLAOUCENE,
13,1321,1321,Azails,AZAILS,
13,1322,1322,Sebbaa Chioukh,SEBAA CHIOUKH,
13,1323,1323,Terni Beni Hediel,TERNI BENI HEDIEL,
13,1324,1324,Bensekrane,BENSEKRANE,
13,1325,1325,Ain Nehala,AIN NEHALA,
13,1326,1326,Hennaya,HENAYA,
13,1327,1327,Maghnia,MAGHNIA,
13,1328,1328,Hammam Boughrara,HAMMAM BOUGHRARA,
13,1329,1329,Souahlia,SOUAHLIA,
13,1330,1330,Msirda Fouaga,MSIRDA FOUAGA,
13,1331,1331,Ain Fetah,AIN FETAH,
13,1332,1332,El Aricha,EL ARICHA,
13,1333,1333,Souk Thlata,SOUK THLATA,
13,1334,1334,Sidi Abdelli,SIDI ABDELLI,
13,1335,1335,Sebdou,SEBDOU,
13,1336,1336,Beni Ouarsous,BENI OUARSOUS,
13,1337,1337,Sidi Medjahed,SIDI MEDJAHED,
13,1338,1338,Beni Boussaid,BENI BOUSSAID,
13,1339,1339,Marsa Ben Mhidi,MERSA BEN MHIDI,
13,1340,1340,Nedroma,NEDROMA,
13,1341,1341,Sidi Djillali,SIDI DJILLALI,
13,1342,1342,Beni Bahdel,BENI BAHDEL,
13,1343,1343,El Bouihi,EL BOUIHI,
13,1344,1344,Honaine,HONAINE,
13,1345,1345,Tianet,TIENET,
13,1346,1346,Ouled Riyah,OULED RIAH,
13,1347,1347,Bouhlou,BOUHLOU,
13,1348,1348,Beni Khellad,BENI KHELLAD,
13,1349,1349,Ain Ghoraba,AIN GHORABA,
13,1350,1350,Chetouane,CHETOUANE,
13,1351,1351,Mansourah,MANSOURAH,
13,1352,1352,Beni Semiel,BENI SEMIEL,
13,1353,1353,Ain Kebira,AIN KEBIRA,
14,1401,1401,Tiaret,TIARET,تيارت
14,1402,1402,Medroussa,MEDROUSSA,
14,1403,1403,Ain Bouchekif,AIN BOUCHEKIF,
14,1404,1404,Sidi Ali Mellal,SIDI ALI MELLAL,
14,1405,1405,Ain Zarit,AIN ZARIT,
14,1406,1406,Ain Deheb,AIN DEHEB,
14,1407,1407,Sidi Bakhti,SIDI BAKHTI,
14,1408,1408,Medrissa,MEDRISSA,
14,1409,1409,Zmalet Emir Abdelkader,ZMALET EMIR ABDELKADER,
14,1410,1410,Madna,MADNA,
14,1411,1411,Sebt,SEBT,
14,1412,1412,Mellakou,MELLAKOU,
14,1413,1413,Dahmouni,DAHMOUNI,
14,1414,1414,Rahouia,RAHOUIA,
14,1415,1415,Mahdia,MAHDIA,
14,1416,1416,Sougueur,SOUGUEUR,
14,1417,1417,Sidi Abdelghani,SIDI  ABDELGHANI,
14,1418,1418,Ain El Hadid,AIN EL HADID,
14,1419,1419,Djebilet Rosfa,DJEBILET ROSFA,
14,1420,1420,Naima,NAIMA,
14,1421,1421,Meghila,MEGHILA,
14,1422,1422,Guertoufa,GUERTOUFA,
14,1423,1423,Sidi Hosni,SIDI HOSNI,
14,1424,1424,Djillali Ben Amar,DJILLALI BEN AMAR,
14,1425,1425,Sebaine,SEBAINE,
14,1426,1426,Tousnina,TOUSNINA,
14,1427,1427,Frenda,FRENDA,
14,1428,1428,Ain Kermes,AIN KERMES,
14,1429,1429,Ksar Chellala,KSAR CHELLALA,
14,1430,1430,Rechaiga,RECHAIGA,
14,1431,1431,Nadorah,NADORAH,
14,1432,1432,Tagdemt,TAGDEMT,
14,1433,1433,Oued Lilli,OUED LILLI,
14,1434,1434,Mechraa Safa,MACHRAA SFA,
14,1435,1435,Hamadia,HAMADIA,
14,1436,1436,Chehaima,CHEHAIMA,
14,1437,1437,Takhemaret,TAKHMARET,
14,1438,1438,Sidi Abderrahmane,SIDI ABDERRAHMANE,
14,1439,1439,Serghine,SERGHINE,
14,1440,1440,Bougara,BOUGARA,
14,1441,1441,Faidja,FAIDJA,
14,1442,1442,Tidda,TIDDA,
15,1501,1501,Tizi Ouzou,TIZI OUZOU,تيزي وزو
15,1502,1502,Ain El Hammam,AIN EL HAMMAM,
15,1503,1503,Akbil,AKBIL,
15,1504,1504,Freha,FREHA,
15,1505,1505,Souamaa,SOUAMAA,
15,1506,1506,Mechtrass,MECHTRASS,
15,1507,1507,Irdjen,IRDJEN,
15,1508,1508,Timizart,TIMIZART,
15,1509,1509,Makouda,MAKOUDA,
15,1510,1510,Draa El Mizan,DRAA EL MIZAN,
15,1511,1511,Tizi Ghenif,TIZI GHENIF,
15,1512,1512,Bounouh,BOUNOUH,
15,1513,1513,Ait Chaffaa,AIT CHAFFAA,
15,1514,1514,Frikat,FRIKAT,
15,1515,1515,Beni Aissi,BENI AISSI,
15,1516,1516,Beni Zmenzer,BENI ZMENZER,
15,1517,1517,Iferhounene,IFERHOUNENE,
15,1518,1518,Azazga,AZAZGA,
15,1519,1519,Iloula Oumalou,ILOULA OUMALOU,
15,1520,1520,Yakouren,YAKOUREN,
15,1521,1521,Larba Nait Irathen,LARBA NAIT IRATHEN,
15,1522,1522,Tizi Rached,TIZI RACHED,
15,1523,1523,Zekri,ZEKRI,
15,1524,1524,Ouaguenoun,OUAGUENOUN,
15,1525,1525,Ain Zaouia,AIN ZAOUIA,
15,1526,1526,Mkira,MKIRA,
15,1527,1527,Ait Yahia,AIT YAHIA,
15,1528,1528,Ait Mahmoud,AIT MAHMOUD,
15,1529,1529,Maatka,MAATKA,
15,1530,1530,Ait Boumahdi,AIT BOUMAHDI,
15,1531,1531,Abi Youcef,ABI YOUCEF,
15,1532,1532,Beni Douala,BENI DOUALA,
15,1533,1533,Illilten,ILLILTEN,
15,1534,1534,Bouzguen,BOUZGUEN,
15,1535,1535,Ait Aggouacha,AIT AGGOUACHA,
15,1536,1536,Ouadhia,OUADHIA,
15,1537,1537,Azeffoun,AZEFFOUN,
15,1538,1538,Tigzirt,TIGZIRT,
15,1539,1539,Ait Aissa Mimoun,AIT AISSA MIMOUN,
15,1540,1540,Boghni,BOGHNI,
15,1541,1541,Ifigha,IFIGHA,
15,1542,1542,Ait Oumalou,AIT OUMALOU,
15,1543,1543,Tirmitine,TIRMITINE,
15,1544,1544,Akerrou,AKERROU,
15,1545,1545,Yatafen,YATAFEN,
15,1546,1546,Beni Ziki,BENI ZIKI,
15,1547,1547,Draa Ben Khedda,DRAA BEN KHEDDA,
15,1548,1548,Ouacif,OUACIF,
15,1549,1549,Idjeur,IDJEUR,
15,1550,1550,Mekla,MEKLA,
15,1551,1551,Tizi Nthleta,TIZI NTHLETA,
15,1552,1552,Beni Yenni,BENI YENNI,
15,1553,1553,Aghrib,AGHRIB,
15,1554,1554,Iflissen,IFLISSEN,
15,1555,1555,Boudjima,BOUDJIMA,
15,1556,1556,Ait Yahia Moussa,AIT YAHIA MOUSSA,
15,1557,1557,Souk El Tenine,SOUK EL TENINE,
15,1558,1558,Ait Khelili,AIT KHELILI,
15,1559,1559,Sidi Naamane,SIDI NAAMANE,
15,1560,1560,Iboudraren,IBOUDRAREN,
15,1561,1561,Aghni Goughran,AGHNI GOUGHRAN,
15,1562,1562,Mizrana,MIZRANA,
15,1563,1563,Imsouhal,IMSOUHAL,
15,1564,1564,Tadmait,TADMAIT,
15,1565,1565,Ait Bouadou,AIT BOUADOU,
15,1566,1566,Assi Youcef,ASSI YOUCEF,
15,1567,1567,Ait Toudert,AIT TOUDERT,
16,1601,1601,Alger,ALGER,الجزائر
16,1602,1602,Sidi Mhamed,SIDI MHAMED,
16,1603,1603,El Madania,EL MADANIA,
16,1604,1604,Hamma Anassers,HAMMA ANASSERS,
16,1605,1605,Bab El Oued,BAB EL OUED,
16,1606,1606,Bologhine Ibn Ziri,BOLOGHINE IBN ZIRI,
16,1607,1607,Casbah,CASBAH,
16,1608,1608,Oued Koriche,OUED KORICHE,
16,1609,1609,Bir Mourad Rais,BIR MOURAD RAIS,
16,1610,1610,El Biar,EL BIAR,
16,1611,1611,Bouzareah,BOUZAREAH,
16,1612,1612,Bir Khadem,BIR KHADEM,
16,1613,1613,El Harrach,EL HARRACH,
16,1614,1614,Baraki,BARAKI,
16,1615,1615,Oued Smar,OUED SMAR,
16,1616,1616,Bourouba,BOUROUBA,
16,1617,1617,Hussein Dey,HUSSEIN DEY,
16,1618,1618,Kouba,KOUBA,
16,1619,1619,Bach Djerrah,BACH DJERRAH,
16,1620,1620,Dar El Beida,DAR EL BEIDA,
16,1621,1621,Bab Ezzouar,BEB EZZOUAR,
16,1622,1622,Ben Aknoun,BEN AKNOUN,
16,1623,1623,Dely Brahim,DELY BRAHIM,
16,1624,1624,Bains Romains,BAINS ROMAINS,
16,1625,1625,Rais Hamidou,RAIS HAMIDOU,
16,1626,1626,Djisr Ksentina,DJISR KSENTINA,
16,1627,1627,El Mouradia,EL MOURADIA,
16,1628,1628,Hydra,HYDRA,
16,1629,1629,Mohammadia,MOHAMMADIA,
16,1630,1630,Bordj El Kiffan,BORDJ EL KIFFAN,
16,1631,1631,El Magharia,EL MAGHARIA,
16,1632,1632,Beni Messous,BENI MESSOUS,
16,1633,1633,Les Eucalyptus,LES EUCALYPTUS,
16,1634,1634,Birtouta,BIRTOUTA,
16,1635,1635,Tassala El Merdja,TASSALA EL MERDJA,
16,1636,1636,Ouled Chebel,OULED CHEBEL,
16,1637,1637,Sidi Moussa,SIDI MOUSSA,
16,1638,1638,Ain Taya,AIN TAYA,
16,1639,1639,Bordj El Bahri,BORDJ EL BAHRI,
16,1640,1640,El Marsa,EL MARSA,
16,1641,1641,Haraoua,HARAOUA,
16,1642,1642,Rouiba,ROUIBA,
16,1643,1643,Reghaia,REGHAIA,
16,1644,1644,Ain Benian,AIN BENIAN,
16,1645,1645,Staoueli,STAOUELI,
16,1646,1646,Zeralda,ZERALDA,
16,1647,1647,Mahelma,MAHELMA,
16,1648,1648,Rahmania,RAHMANIA,
16,1649,1649,Souidania,SOUIDANIA,
16,1650,1650,Cheraga,CHERAGA,
16,1651,1651,Ouled Fayet,OULED FAYET,
16,1652,1652,El Achour,EL ACHOUR,
16,1653,1653,Draria,DRARIA,
16,1654,1654,Douera,DOUERA,
16,1655,1655,Baba Hassen,BABA HASSEN,
16,1656,1656,Khraissia,KHRAISSIA,
16,1657,1657,Saoula,SAOULA,
17,1701,1701,Djelfa,DJELFA,الجلفة
17,1702,1702,Moudjebara,MOUADJEBAR,
17,1703,1703,El Guedid,EL GUEDDID,
17,1704,1704,Hassi Bahbah,HASSI BAHBAH,
17,1705,1705,Ain Maabed,AIN MAABED,
17,1706,1706,Sed Rahal,SED RAHAL,
17,1707,1707,Feidh El Botma,FEIDH EL BOTMA,
17,1708,1708,Birine,BIRINE,
17,1709,1709,Bouira Lahdeb,BOUIRA LAHDAB,
17,1710,1710,Zaccar,ZAKKAR,
17,1711,1711,El Khemis,EL KHEMIS,
17,1712,1712,Sidi Baizid,SIDI BAIZID,
17,1713,1713,Mliliha,MLILIHA,
17,1714,1714,El Idrissia,EL IDRISSIA,
17,1715,1715,Douis,DOUIS,
17,1716,1716,Hassi El Euch,HASSI EL EUCH,
17,1717,1717,Messaad,MESSAAD,
17,1718,1718,Guettara,GUETTARA,
17,1719,1719,Sidi Ladjel,SIDI LAADJEL,
17,1720,1720,Had Sahary,HAD SAHARY,
17,1721,1721,Guernini,GUERNINI,
17,1722,1722,Selmana,SELMANA,
17,1723,1723,Ain Chouhada,AIN CHOUHADA,
17,1724,1724,Oum Laadham,OUM LAADHAM,
17,1725,1725,Dar Chouikh,DAR CHIOUKH,
17,1726,1726,Charef,CHAREF,
17,1727,1727,Beni Yacoub,BENI YAGOUB,
17,1728,1728,Zaafrane,ZAAFRANE,
17,1729,1729,Deldoul,DELDOUL,
17,1730,1730,Ain El Ibel,AIN EL IBEL,
17,1731,1731,Ain Oussera,AIN OUESSARA,
17,1732,1732,Benhar,BENHAR,
17,1733,1733,Hassi Fedoul,HASSI FDOUL,
17,1734,1734,Amourah,AMOURA,
17,1735,1735,Ain Fekka,AIN FEKKA,
17,1736,1736,Tadmit,TADMIT,
18,1801,1801,Jijel,JIJEL,جيجل
18,1802,1802,Erraguene,ERRAGUENE,
18,1803,1803,El Aouana,EL AOUANA,
18,1804,1804,Ziama Mansouria,ZIAMA MANSOURIA,
18,1805,1805,Taher,TAHER,
18,1806,1806,Emir Abdelkader,EMIR ABDELKADER,
18,1807,1807,Chekfa,CHEKFA,
18,1808,1808,Chahna,CHAHNA,
18,1809,1809,El Milia,EL MILIA,
18,1810,1810,Sidi Maarouf,SIDI MAAROUF,
18,1811,1811,Settara,SETTARA,
18,1812,1812,El Ancer,EL ANCER,
18,1813,1813,Sidi Abdelaziz,SIDI ABDELAZIZ,
18,1814,1814,Kaous,KAOUS,
18,1815,1815,Chebbala Milat,CHEBBALA MILAT,
18,1816,1816,Bouraoui Belhadef,BOURAOUI BELHADEF,
18,1817,1817,Djmila,DJMILA,
18,1818,1818,Selma Ben Ziada,SELMA BEN ZIADA,
18,1819,1819,Boussif Ouled Akseur,BOUSSIF OULED AKSEUR,
18,1820,1820,El Kennar Nouchfi,EL KENNAR NOUCHFI,
18,1821,1821,Ouled Yahia Khadrouche,OULED YAHIA KHADROUCHE,
18,1822,1822,Boudria Beni Yadjis,BOUDRIA BENI YADJIS,
18,1823,1823,Kimir Oued Adjoul,KIMIR OUED ADJOUL,
18,1824,1824,Texenna,TEXENNA,
18,1825,1825,Djemaa Beni Habibi,DJEMAA BENI HABIBI,
18,1826,1826,Bordj Taher,BORDJ TAHER,
18,1827,1827,Ouled Rabah,OULED RABAH,
18,1828,1828,Oudjana,OUDJANA,
19,1901,1901,Setif,SETIF,سطيف
19,1902,1902,Ain El Kebira,AIN EL KEBIRA,
19,1903,1903,Beni Aziz,BENI AZIZ,
19,1904,1904,Ouled Sidi Ahmed,OULED SIDI AHMED,
19,1905,1905,Boutaleb,BOUTALEB,
19,1906,1906,Ain Roua,AIN ROUA,
19,1907,1907,Draa Kebila,DRAA KEBILA,
19,1908,1908,Bir El Arch,BIR EL ARCH,
19,1909,1909,Beni Chebana,BENI CHEBANA,
19,1910,1910,Ouled Tebben,OULED TEBBEN,
19,1911,1911,Hamma,HAMMA,
19,1912,1912,Maaouia,MAAOUIA,
19,1913,1913,Ain Legraj,AIN LAGRADJ,
19,1914,1914,Ain Abessa,AIN ABESSA,
19,1915,1915,Dehamcha,DEHAMCHA,
19,1916,1916,Babor,BABOR,
19,1917,1917,Guidjel,GUIDJEL,
19,1918,1918,Ain Lahdjar,AIN LAHDJAR,
19,1919,1919,Bousselam,BOUSSELAM,
19,1920,1920,El Eulma,EL EULMA,
19,1921,1921,Djemila,DJEMILA,
19,1922,1922,Beni Ouartilane,BENI OUARTILANE,
19,1923,1923,Rosfa,ROSFA,
19,1924,1924,Ouled Addouane,OULED ADDOUANE,
19,1925,1925,Belaa,BELLAA,
19,1926,1926,Ain Arnat,AIN ARNAT,
19,1927,1927,Amoucha,AMOUCHA,
19,1928,1928,Ain Oulmane,AIN OULMANE,
19,1929,1929,Beidha Bordj,BEIDHA BORDJ,
19,1930,1930,Bouandas,BOUANDAS,
19,1931,1931,Bazer Sakhra,BAZER SAKRA,
19,1932,1932,Hammam Skhouna,HAMMAM SKHOUNA,
19,1933,1933,Mezloug,MEZLOUG,
19,1934,1934,Bir Haddada,BIR HADDADA,
19,1935,1935,Serdj El Ghoul,SERDJ EL GHOUL,
19,1936,1936,Harbil,HARBIL,
19,1937,1937,El Ouricia,EL OURICIA,
19,1938,1938,Tizi Nbechar,TIZI NBECHAR,
19,1939,1939,Salah Bey,SALAH BEY,
19,1940,1940,Ain Azal,AIN AZAL,
19,1941,1941,Guenzet Tassameurt,GUENZET TASSAMEURT,
19,1942,1942,Tala Ifacene,TALA IFACENE,
19,1943,1943,Bougaa,BOUGAA,
19,1944,1944,Beni Fouda,BENI FOUDA,
19,1945,1945,Tachouda,TACHOUDA,
19,1946,1946,Beni Mouhli,BENI MOUHLI,
19,1947,1947,Ouled Sabor,OULED SABOR,
19,1948,1948,Guellal,GUELLAL,
19,1949,1949,Ain Sebt,AIN SEBT,
19,1950,1950,Hammam Guergour,HAMMAM GUERGOUR,
19,1951,1951,Mzada,MZADA,
19,1952,1952,Ksar El Abtal,KSAR EL ABTAL,
19,1953,1953,Beni Hocine,BENI HOCINE,
19,1954,1954,Ait Tizi,AIT TIZI,
19,1955,1955,Maouklane,MAOUKLANE,
19,1956,1956,Guelta Zerka,GUELTA ZERGA,
19,1957,1957,Oued El Bared,OUED EL BARED,
19,1958,1958,Taya,TAYA,
19,1959,1959,El Ouldja,EL OUELDJA,
19,1960,1960,Tella,TELLA,
20,2001,2001,Saida,SAIDA,سعيدة
20,2002,2002,Doui Thabet,DOUI THABET,
20,2003,2003,Ain El Hadjar,AIN EL HADJAR,
20,2004,2004,Ouled Khaled,OULED KHALED,
20,2005,2005,Moulay Larbi,MOULAY LARBI,
20,2006,2006,Youb,YOUB,
20,2007,2007,Hounet,HOUNET,
20,2008,2008,Sidi Amar,SIDI AMAR,
20,2009,2009,Sidi Boubekeur,SIDI BOUBEKEUR,
20,2010,2010,El Hassasna,EL HASSASNA,
20,2011,2011,Maamora,MAAMORA,
20,2012,2012,Sidi Ahmed,SIDI AHMED,
20,2013,2013,Ain Sekhouna,AIN SKHOUNA,
20,2014,2014,Ouled Brahim,OULED BRAHIM,
20,2015,2015,Tircine,TIRCINE,
20,2016,2016,Ain Soltane,AIN SOLTANE,
21,2101,2101,Skikda,SKIKDA,سكيكدة
21,2102,2102,Ain Zouit,AIN ZOUIT,
21,2103,2103,El Hadaiek,EL HADAIEK,
21,2104,2104,Azzaba,AZZABA,
21,2105,2105,Djendel Saadi Mohamed,DJENDEL SAADI MOHAMED,
21,2106,2106,Ain Cherchar,AIN CHERCHAR,
21,2107,2107,Bekkouche Lakhdar,BEKKOUCHE LAKHDAR,
21,2108,2108,Ben Azzouz,BEN AZZOUZ,
21,2109,2109,Es Sebt,ES SEBT,
21,2110,2110,Collo,COLLO,
21,2111,2111,Beni Zid,BENI ZID,
21,2112,2112,Kerkera,KERKERA,
21,2113,2113,Ouled Attia,OULED ATTIA,
21,2114,2114,Oued Zhour,OUED ZHOUR,
21,2115,2115,Zitouna,ZITOUNA,
21,2116,2116,El Harrouch,EL HARROUCH,
21,2117,2117,Zerdezas,ZERDEZAS,
21,2118,2118,Ouled Hebaba,OULED HEBABA,
21,2119,2119,Sidi Mezghiche,SIDI MEZGHICHE,
21,2120,2120,Emdjez Edchich,EMDJEZ EDCHICH,
21,2121,2121,Beni Oulbane,BENI OULBANE,
21,2122,2122,Ain Bouziane,AIN BOUZIANE,
21,2123,2123,Ramdane Djamel,RAMDANE DJAMEL,
21,2124,2124,Beni Bachir,BENI BACHIR,
21,2125,2125,Salah Bouchaour,SALAH BOUCHAOUR,
21,2126,2126,Tamalous,TAMALOUS,
21,2127,2127,Ain Kechra,AIN KECHRA,
21,2128,2128,Oum Toub,OUM TOUB,
21,2129,2129,Bir El Ouiden,BIR EL OUIDEN,
21,2130,2130,Fil Fila,FIL FILA,
21,2131,2131,Cheraia,CHERAIA,
21,2132,2132,Kanoua,KANOUA,
21,2133,2133,El Ghedir,EL GHEDIR,
21,2134,2134,Bouchtata,BOUCHTATA,
21,2135,2135,Ouldja Boulbellout,OULDJA BOULBELLOUT,
21,2136,2136,Kheng Mayoum,KHENG MAYOUM,
21,2137,2137,El Marsa,EL MARSA,
21,2138,2138,Hamadi Krouma,HAMADI KROUMA,
22,2201,2201,Sidi Bel Abbes,SIDI BEL ABBES,سيدي بلعباس
22,2202,2202,Tessala,TESSALA,
22,2203,2203,Sidi Brahim,SIDI BRAHIM,
22,2204,2204,Mostefa Ben Brahim,MOSTEFA BEN BRAHIM,
22,2205,2205,Telagh,TELAGH,
22,2206,2206,Mezaourou,MEZAOUROU,
22,2207,2207,Boukhanafis,BOUKANEFIS,
22,2208,2208,Sidi Ali Boussidi,SIDI ALI BOUSSIDI,
22,2209,2209,Bedrabine El Mokrani,BEDRABINE EL MOKRANI,
22,2210,2210,Marhoum,MARHOUM,
22,2211,2211,Tafissour,TAFISSOUR,
22,2212,2212,Amarnas,AMARNAS,
22,2213,2213,Tilmouni,TILMOUNI,
22,2214,2214,Sidi Lahcene,SIDI LAHCENE,
22,2215,2215,Ain Thrid,AIN THRID,
22,2216,2216,Makedra,MAKEDRA,
22,2217,2217,Tenira,TENIRA,
22,2218,2218,Moulay Slissen,MOULAY SLISSEN,
22,2219,2219,El Hacaiba,EL HACAIBA,
22,2220,2220,Hassi Zehana,HASSI ZAHANA,
22,2221,2221,Tabia,TABIA,
22,2222,2222,Merine,MERINE,
22,2223,2223,Ras El Ma,RAS EL MA,
22,2224,2224,Ain Tindamine,AIN TINDAMINE,
22,2225,2225,Ain Kada,AIN KADA,
22,2226,2226,Mcid,MCID,
22,2227,2227,Sidi Khaled,SIDI KHALED,
22,2228,2228,Ain El Berd,AIN EL BERD,
22,2229,2229,Sfissef,SFISEF,
22,2230,2230,Ain Adden,AIN ADDEN,
22,2231,2231,Oued Taourira,OUED TAOURIRA,
22,2232,2232,Dhaya,DHAYA,
22,2233,2233,Zerouala,ZEROUALA,
22,2234,2234,Lamtar,LAMTAR,
22,2235,2235,Sidi Chaib,SIDI CHAIB,
22,2236,2236,Sidi Daho,SIDI DAHO,
22,2237,2237,Oued Sbaa,OUED SBAA,
22,2238,2238,Boudjebaa El Bordj,BOUDJEBAA EL BORDJ,
22,2239,2239,Sehala Thaoura,SEHALA THAOURA,
22,2240,2240,Sidi Yacoub,SIDI YACOUB,
22,2241,2241,Sidi Hamadouche,SIDI HAMADOUCHE,
22,2242,2242,Belarbi,BELARBI,
22,2243,2243,Oued Sefioun,OUED SEFIOUN,
22,2244,2244,Teghalimet,TEGHALIMET,
22,2245,2245,Ben Badis,BEN BADIS,
22,2246,2246,Sidi Ali Benyoub,SIDI ALI BENYOUB,
22,2247,2247,Chetouane Belaila,CHETOUANE BELAILA,
22,2248,2248,Bir El Hammam,BIR EL HMAM,
22,2249,2249,Taoudmout,TAOUDMOUT,
22,2250,2250,Redjem Demouche,REDJEM DEMMOUCHE,
22,2251,2251,Benachiba Chelia,BENACHIBA CHELIA,
22,2252,2252,Hassi Dahou,HASSI DAHO,
23,2301,2301,Annaba,ANNABA,عنابة
23,2302,2302,Berrahel,BERRAHEL,
23,2303,2303,El Hadjar,EL HADJAR,
23,2304,2304,Eulma,EULMA,
23,2305,2305,El Bouni,EL BOUNI,
23,2306,2306,Oued El Aneb,OUED EL ANEB,
23,2307,2307,Cheurfa,CHEURFA,
23,2308,2308,Seraidi,SERAIDI,
23,2309,2309,Ain Berda,AIN BERDA,
23,2310,2310,Chetaibi,CHETAIBI,
23,2311,2311,Sidi Amer,SIDI AMER,
23,2312,2312,Treat,TREAT,
24,2401,2401,Guelma,GUELMA,قالمة
24,2402,2402,Nechmaya,NECHMAYA,
24,2403,2403,Bouati Mahmoud,BOUATI MAHMOUD,
24,2404,2404,Oued Zenati,OUED ZENATI,
24,2405,2405,Tamlouka,TAMLOUKA,
24,2406,2406,Oued Fragha,OUED FRAGHA,
24,2407,2407,Ain Sandel,AIN SANDEL,
24,2408,2408,Ras El Agba,RAS EL AGBA,
24,2409,2409,Dahouara,DAHOUARA,
24,2410,2410,Belkheir,BELKHEIR,
24,2411,2411,Bendjerrah,BENDJERRAH,
24,2412,2412,Bouhamdane,BOUHAMDANE,
24,2413,2413,Ain Makhlouf,AIN MAKHLOUF,
24,2414,2414,Ain Ben Beida,AIN BEN BEIDA,
24,2415,2415,Khezara,KHEZARA,
24,2416,2416,Beni Mezline,BENI MEZLINE,
24,2417,2417,Bou Hachana,BOUHACHANA,
24,2418,2418,Guelaat Bousbaa,GUELAAT BOUSBAA,
24,2419,2419,Hammam Debagh,HAMMAM DEBAGH,
24,2420,2420,El Fedjoudj,EL FEDJOUDJ,
24,2421,2421,Bordj Sabat,BORDJ SABATH,
24,2422,2422,Hamman Nbail,HAMMAM NBAIL,
24,2423,2423,Ain Larbi,AIN LARBI,
24,2424,2424,Medjez Amar,MEDJEZ AMAR,
24,2425,2425,Bouchegouf,BOUCHEGOUF,
24,2426,2426,Heliopolis,HELIOPOLIS,
24,2427,2427,Houari Boumedienne,HOUARI BOUMEDIENE,
24,2428,2428,Roknia,ROKNIA,
24,2429,2429,Salaoua Announa,SELIAOUA ANNOUNA,
24,2430,2430,Medjez Sfa,MEDJEZ SFA,
24,2431,2431,Boumahra Ahmed,BOUMAHRA AHMED,
24,2432,2432,Ain Reggada,AIN REGGADA,
24,2433,2433,Oued Cheham,OUED CHEHAM,
24,2434,2434,Djeballah Khemissi,DJEBALLAH KHEMISSI,
25,2501,2501,Constantine,CONSTANTINE,قسنطينة
25,2502,2502,Hamma Bouziane,HAMMA BOUZIANE,
25,2503,2503,Ben Badis,BEN BADIS,
25,2504,2504,Zighoud Youcef,ZIGHOUD YOUCEF,
25,2505,2505,Didouche Mourad,DIDOUCHE MOURAD,
25,2506,2506,El Khroub,EL KHROUB,
25,2507,2507,Ain Abid,AIN ABID,
25,2508,2508,Beni Hamidene,BENI HAMIDENE,
25,2509,2509,Ouled Rahmoune,OULED RAHMOUN,
25,2510,2510,Ain Smara,AIN SMARA,
25,2511,2511,Mesaoud Boudjeriou,MESAOUD BOUDJERIOU,
25,2512,2512,Ibn Ziad,IBN ZIAD,
26,2601,2601,Medea,MEDEA,المدية
26,2602,2602,Ouzera,OUZERA,
26,2603,2603,Ouled Maaref,OULED MAAREF,
26,2604,2604,Ain Boucif,AIN BOUCIF,
26,2605,2605,Aissaouia,AISSAOUIA,
26,2606,2606,Ouled Deide,OULED DEIDE,
26,2607,2607,El Omaria,EL OMARIA,
26,2608,2608,Derrag,DERRAG,
26,2609,2609,El Guelbelkebir,EL GUELBELKEBIR,
26,2610,2610,Bouaiche,BOUAICHE,
26,2611,2611,Mezerena,MEZRENNA,
26,2612,2612,Ouled Brahim,OULED BRAHIM,
26,2613,2613,Tizi Mahdi,TIZI MAHDI,
26,2614,2614,Sidi Ziane,SIDI ZIANE,
26,2615,2615,Tamesguida,TAMESGUIDA,
26,2616,2616,El Hamdania,EL HAMDANIA,
26,2617,2617,Kef Lakhdar,KEF LAKHDAR,
26,2618,2618,Chelalet El Adhaoura,CHELLALAT EL ADHAOURA,
26,2619,2619,Bouskene,BOUSKENE,
26,2620,2620,Rebaia,REBAIA,
26,2621,2621,Bouchrahil,BOUCHRAHIL,
26,2622,2622,Ouled Hellal,OULED HELLAL,
26,2623,2623,Tafraout,TAFRAOUT,
26,2624,2624,Baata,BAATA,
26,2625,2625,Boghar,BOGHAR,
26,2626,2626,Sidi Naamane,SIDI NAAMANE,
26,2627,2627,Ouled Bouachra,OULED BOUACHRA,
26,2628,2628,Sidi Zahar,SIDI ZAHAR,
26,2629,2629,Oued Harbil,OUED HARBIL,
26,2630,2630,Benchicao,BEN CHICAO,
26,2631,2631,Sidi Damed,SIDI DAMED,
26,2632,2632,Aziz,AZIZ,
26,2633,2633,Souagui,SOUAGUI,
26,2634,2634,Zoubiria,ZOUBIRIA,
26,2635,2635,Ksar El Boukhari,KSAR EL BOUKHARI,
26,2636,2636,El Azizia,EL AZIZIA,
26,2637,2637,Djouab,DJOUAB,
26,2638,2638,Chahbounia,CHAHBOUNIA,
26,2639,2639,Meghraoua,MAGHRAOUA,
26,2640,2640,Cheniguel,CHENIGUEL,
26,2641,2641,Ain Ouksir,AIN OUKSIR,
26,2642,2642,Oum El Djalil,OUM EL DJALIL,
26,2643,2643,Ouamri,OUAMRI,
26,2644,2644,Si Mahdjoub,SI MAHDJOUB,
26,2645,2645,Tlatet Eddoair,TLATET ED DOUAIR,
26,2646,2646,Beni Slimane,BENI SLIMANE,
26,2647,2647,Berrouaghia,BERROUAGHIA,
26,2648,2648,Seghouane,SEGHOUANE,
26,2649,2649,Mfatha,MFATHA,
26,2650,2650,Mihoub,MIHOUB,
26,2651,2651,Boughezoul,BOUGHZOUL,
26,2652,2652,Tablat,TABLAT,
26,2653,2653,Deux Bassins,DEUX BASSINS,
26,2654,2654,Draa Essamar,DRAA ESSMAR,
26,2655,2655,Sidi Errabia,SIDI ERRABIA,
26,2656,2656,Bir Ben Laabed,BIR BEN ABED,
26,2657,2657,El Ouinet,EL AOUINET,
26,2658,2658,Ouled Antar,OULED ANTAR,
26,2659,2659,Bouaichoune,BOUAICHOUNE,
26,2660,2660,Hannacha,HANNACHA,
26,2661,2661,Sedraia,SEDRAIA,
26,2662,2662,Moudjebeur,MOUDJEBEUR,
26,2663,2663,Khams Djouamaa,KHAMS DJOUAMAA,
26,2664,2664,Saneg,SANEG,
27,2701,2701,Mostaganem,MOSTAGANEM,مستغاﱎ
27,2702,2702,Sayada,SAYADA,
27,2703,2703,Fornaka,FORNAKA,
27,2704,2704,Stidia,STIDIA,
27,2705,2705,Ain Nouissy,AIN NOUISSI,
27,2706,2706,Hassi Maameche,HASSI MAAMECHE,
27,2707,2707,Ain Tadles,AIN TEDLES,
27,2708,2708,Sour,SOUR,
27,2709,2709,Oued El Kheir,OUED EL KHEIR,
27,2710,2710,Sidi Belattar,SIDI BELATTAR,
27,2711,2711,Kheiredine,KHEIR EDDINE,
27,2712,2712,Sidi Ali,SIDI ALI,
27,2713,2713,Abdelmalek Ramdane,ABDELMALEK RAMDANE,
27,2714,2714,Hadjadj,HADJADJ,
27,2715,2715,Nekmaria,NEKMARIA,
27,2716,2716,Sidi Lakhdar,SIDI LAKHDAR,
27,2717,2717,Achaacha,ACHAACHA,
27,2718,2718,Khadra,KHADRA,
27,2719,2719,Bouguirat,BOUGUIRAT,
27,2720,2720,Sirat,SIRAT,
27,2721,2721,Ain Sidi Cherif,AIN SIDI CHERIF,
27,2722,2722,Mesra,MESRA,
27,2723,2723,Mansourah,MANSOURAH,
27,2724,2724,Souaflia,SOUAFLIA,
27,2725,2725,Ouled Boughalem,OULED BOUGHALEM,
27,2726,2726,Ouled Maallah,OULED MAALAH,
27,2727,2727,Mezghrane,MEZAGHRANE,
27,2728,2728,Ain Boudinar,AIN BOUDINAR,
27,2729,2729,Tazgait,TAZGAIT,
27,2730,2730,Safsaf,SAFSAF,
27,2731,2731,Touahria,TOUAHRIA,
27,2732,2732,El Hassiane,EL HESSIANE,
28,2801,2801,Msila,MSILA,المسيلة 
28,2802,2802,Maadid,MAADID,
28,2803,2803,Hammam Dhalaa,HAMMAM DHALAA,
28,2804,2804,Ouled Derradj,OULED DERRADJ,
28,2805,2805,Tarmount,TARMOUNT,
28,2806,2806,Mtarfa,MTARFA,
28,2807,2807,Khoubana,KHOUBANA,
28,2808,2808,Mcif,MCIF,
28,2809,2809,Chellal,CHELLAL,
28,2810,2810,Ouled Madhi,OULED MADHI,
28,2811,2811,Magra,MAGRA,
28,2812,2812,Berhoum,BERHOUM,
28,2813,2813,Ain Khadra,AIN KHADRA,
28,2814,2814,Ouled Addi Guebala,OULED ADDI GUEBALA,
28,2815,2815,Belaiba,BELAIBA,
28,2816,2816,Sidi Aissa,SIDI AISSA,
28,2817,2817,Ain El Hadjel,AIN EL HADJEL,
28,2818,2818,Sidi Hadjeres,SIDI HADJERES,
28,2819,2819,Ouanougha,OUENOUGHA,
28,2820,2820,Bou Saada,BOUSAADA,
28,2821,2821,Ouled Sidi Brahim,OULED SIDI BRAHIM,
28,2822,2822,Sidi Ameur,SIDI AMEUR,
28,2823,2823,Tamsa,TAMSA,
28,2824,2824,Ben Srour,BEN SROUR,
28,2825,2825,Ouled Slimane,OULED SLIMANE,
28,2826,2826,El Houamed,EL HOUAMED,
28,2827,2827,El Hamel,EL HAMRI,
28,2828,2828,Ouled Mansour,OULED MANSOUR,
28,2829,2829,Maarif,MAARIF,
28,2830,2830,Dehahna,DEHAHNA,
28,2831,2831,Bouti Sayah,BOUTI SAYEH,
28,2832,2832,Khettouti Sed El Djir,KHETTOUTI SED EL DJIR,
28,2833,2833,Zarzour,ZERZOUR,
28,2834,2834,Mohamed Boudiaf,MOHAMED BOUDIAF,
28,2835,2835,Benzouh,BENZOUH,
28,2836,2836,Bir Foda,BIR FODDA,
28,2837,2837,Ain Fares,AIN FARES,
28,2838,2838,Sidi Mhamed,SIDI MHAMED,
28,2839,2839,Menaa,MENAA,
28,2840,2840,Souamaa,SOUMAA,
28,2841,2841,Ain El Melh,AIN EL MELH,
28,2842,2842,Medjedel,MEDJEDEL,
28,2843,2843,Slim,SLIM,
28,2844,2844,Ain Errich,AIN ERRICH,
28,2845,2845,Beni Ilmane,BENI ILMENE,
28,2846,2846,Oultene,OULTENE,
28,2847,2847,Djebel Messaad,DJEBEL MESSAAD,
29,2901,2901,Mascara,MASCARA,معسكر
29,2902,2902,Bou Hanifia,BOUHANIFIA,
29,2903,2903,Tizi,TIZI,
29,2904,2904,Hacine,HACINE,
29,2905,2905,Maoussa,MAOUSSA,
29,2906,2906,Teghennif,TIGHENNIF,
29,2907,2907,El Hachem,EL HACHEM,
29,2908,2908,Sidi Kada,SIDI KADA,
29,2909,2909,Zelmata,ZELMATA,
29,2910,2910,Oued El Abtal,OUED EL ABTAL,
29,2911,2911,Ain Ferah,AIN FERAH,
29,2912,2912,Ghriss,GHRISS,
29,2913,2913,Froha,FROHA,
29,2914,2914,Matemore,MATMORE,
29,2915,2915,Makdha,MAKDA,
29,2916,2916,Sidi Boussaid,SIDI BOUSSAID,
29,2917,2917,El Bordj,EL BORDJ,
29,2918,2918,Ain Fekan,AIN FEKAN,
29,2919,2919,Benian,BENIAN,
29,2920,2920,Khalouia,KHALOUIA,
29,2921,2921,El Menaouer,EL MENAOUER,
29,2922,2922,Oued Taria,OUED TAGHIA,
29,2923,2923,Aouf,AOUF,
29,2924,2924,Ain Fares,AIN FARES,
29,2925,2925,Ain Frass,AIN FRASS,
29,2926,2926,Sig,SIG,
29,2927,2927,Oggaz,OGGAZ,
29,2928,2928,Alaimia,ALAIMIA,
29,2929,2929,El Gaada,EL GAADA,
29,2930,2930,Zahana,ZAHANA,
29,2931,2931,Mohammadia,MOHAMMADIA,
29,2932,2932,Sidi Abdelmoumene,SIDI ABDELMOUMENE,
29,2933,2933,Ferraguig,FERRAGUIG,
29,2934,2934,El Ghomri,EL GHOMRI,
29,2935,2935,Sedjerara,SEDJERARA,
29,2936,2936,Moctadouz,MOCTADOUZ,
29,2937,2937,Bou Henni,BOUHENNI,
29,2938,2938,El Gueitna,EL GUEITNA,
29,2939,2939,El Mamounia,EL MAMOUNIA,
29,2940,2940,El Keurt,EL KEURT,
29,2941,2941,Gharrous,GHARROUS,
29,2942,2942,Gherdjoum,GUERDJOUM,
29,2943,2943,Chorfa,CHORFA,
29,2944,2944,Ras El Ain Amirouche,RAS EL AIN AMIROUCHE,
29,2945,2945,Nesmot,NESMOTH,
29,2946,2946,Sidi Abdeldjebar,SIDI ABDELDJABAR,
29,2947,2947,Sehailia,SEHAILIA,
30,3001,3001,Ouargla,OUARGLA,ورقلة
30,3012,3002,Hassi Ben Abdelah,HASSI BEN ABDELAH,حاسي بن عبد اللّه
30,3002,3003,Aïn Beïda,AÏN BEÏDA,عين البيضاء
30,3003,3004,N'Goussa,N'GOUSSA,نقوسة
30,3004,3005,Hassi Messaoud,HASSI MESSAOUD,حاسي مسعود
30,3005,3006,Rouissat,ROUISSAT,الرويسات
30,3011,3007,Sidi Khouiled,SIDI KHOUILED,سيدي خويلد
30,3021,3008,El Borma,EL BORMA,البرمة
31,3101,3101,Oran,ORAN,وهران
31,3102,3102,Gdyel,GDYEL,
31,3103,3103,Bir El Djir,BIR EL DJIR,
31,3104,3104,Hassi Bounif,HASSI BOUNIF,
31,3105,3105,Es Senia,ES SENIA,
31,3106,3106,Arzew,ARZEW,
31,3107,3107,Bethioua,BETHIOUA,
31,3108,3108,Marsat El Hadjadj,MARSAT EL HADJADJ,
31,3109,3109,Ain Turk,AIN TURK,
31,3110,3110,El Ancar,EL ANCOR,
31,3111,3111,Oued Tlelat,OUED TLELAT,
31,3112,3112,Tafraoui,TAFRAOUI,
31,3113,3113,Sidi Chami,SIDI CHAMI,
31,3114,3114,Boufatis,BOUFATIS,
31,3115,3115,Mers El Kebir,MERS EL KEBIR,
31,3116,3116,Bousfer,BOUSFER,
31,3117,3117,El Karma,EL KARMA,
31,3118,3118,El Braya,EL BRAYA,
31,3119,3119,Hassi Ben Okba,HASSI BEN OKBA,
31,3120,3120,Ben Freha,BEN FREHA,
31,3121,3121,Hassi Mefsoukh,HASSI MEFSOUKH,
31,3122,3122,Sidi Ben Yabka,SIDI BEN YABKA,
31,3123,3123,Messerghin,MISSERGHIN,
31,3124,3124,Boutlelis,BOUTLELIS,
31,3125,3125,Ain Kerma,AIN KERMA,
31,3126,3126,Ain Biya,AIN  BIYA,البيض
32,3201,3201,El Bayadh,EL BAYADH,
32,3202,3202,Rogassa,ROGASSA,
32,3203,3203,Stitten,STITTEN,
32,3204,3204,Brezina,BREZINA,
32,3205,3205,Ghassoul,GHASSOUL,
32,3206,3206,Hadj Mechri Boualem,HADJ MECHRI BOUALEM,
32,3207,3207,El Abiodh Sidi Cheikh,EL ABIODH SIDI CHEIKH,
32,3208,3208,Ain El Orak,AIN EL ORAK,
32,3209,3209,Arbaouat,ARBAOUAT,
32,3210,3210,Bougtoub,BOUGTOUB,
32,3211,3211,El Kheither,EL KHEITHER,
32,3212,3212,Kef El Ahmar,KEF EL AHMAR,
32,3213,3213,Boussemghoun,BOUSSEMGHOUN,
32,3214,3214,Chellala,CHELLALA,
32,3215,3215,Krakda,KRAKDA,
32,3216,3216,El Bnoud,EL BNOUD,
32,3217,3217,Cheguig,CHEGUIG,
32,3218,3218,Sidi Ameur,SIDI AMEUR,
32,3219,3219,El Mehara,EL MEHARA,
32,3220,3220,Tousmouline,TOUSMOULINE,
32,3221,3221,Sidi Slimane,SIDI SLIMANE,
32,3222,3222,Sidi Tifour,SIDI TIFOUR,
33,3301,3301,Illizi,ILLIZI,إيليزي
33,3304,3302,Bordj Omar Driss,BORDJ OMAR DRISS,برج عمر ادريس
33,3303,3303,Debdeb,DEBDEB,دبداب
33,3306,3304,In Amenas,IN AMENAS,إن اميناس
34,3401,3401,Bordj Bou Arreridj,BORDJ BOU ARRERIDJ,برج بوعريريج
34,3402,3402,Ras El Oued,RAS EL OUED,
34,3403,3403,Bordj Zemoura,BORDJ ZEMOURA,
34,3404,3404,Mansoura,MANSOURA,
34,3405,3405,El Mhir,EL MHIR,
34,3406,3406,Ben Daoud,BENDAOUD,
34,3407,3407,El Achir,EL ACHIR,
34,3408,3408,Ain Taghrout,AIN TAGHROUT,
34,3409,3409,Bordj Ghdir,BORDJ GHDIR,
34,3410,3410,Sidi Embarek,SIDI EMBAREK,
34,3411,3411,El Hamadia,EL HAMMADIA,
34,3412,3412,Belimour,BELIMOUR,
34,3413,3413,Medjana,MEDJANA,
34,3414,3414,Teniet El Anseur,THENIET EL ANSEUR,
34,3415,3415,Djaafra,DJAAFRA,
34,3416,3416,El Main,EL MAIN,
34,3417,3417,Ouled Brahem,OULED BRAHEM,
34,3418,3418,Ouled Dahmane,OULED DAHMANE,
34,3419,3419,Hasnaoua,HASNAOUA,
34,3420,3420,Khelil,KHELIL,
34,3421,3421,Taglait,TAGLAIT,
34,3422,3422,Ksour,KSOUR,
34,3423,3423,Ouled Sidi Brahim,OULED SIDI BRAHIM,
34,3424,3424,Tafreg,TAFREG,
34,3425,3425,Colla,COLLA,
34,3426,3426,Tixter,TIXTER,
34,3427,3427,El Ach,EL EUCH,
34,3428,3428,El Anseur,EL ANSEUR,
34,3429,3429,Tesmart,TESMART,
34,3430,3430,Ain Tassera,AIN TASSERA,
34,3431,3431,Bir Kasdali,BIR KASDALI,
34,3432,3432,Ghilassa,GHILASSA,
34,3433,3433,Rabta,RABTA,
34,3434,3434,Haraza,HARAZA,
35,3501,3501,Boumerdes,BOUMERDES,بومرداس
35,3502,3502,Boudouaou,BOUDOUAOU,
35,3503,3503,Afir,AFIR,
35,3504,3504,Bordj Menaiel,BORDJ MENAIEL,
35,3505,3505,Baghlia,BAGHLIA,
35,3506,3506,Sidi Daoud,SIDI DAOUD,
35,3507,3507,Naciria,NACIRIA,
35,3508,3508,Djinet,DJINET,
35,3509,3509,Isser,ISSER,
35,3510,3510,Zemmouri,ZEMMOURI,
35,3511,3511,Si Mustapha,SI MUSTAPHA,
35,3512,3512,Tidjelabine,TIDJELABINE,
35,3513,3513,Chabet El Ameur,CHABET EL AMEUR,
35,3514,3514,Thenia,THENIA,
35,3515,3515,Timezrit,TIMEZRIT,
35,3516,3516,Corso,CORSO,
35,3517,3517,Ouled Moussa,OULED MOUSSA,
35,3518,3518,Larbatache,LARBATACHE,
35,3519,3519,Bouzegza Keddara,BOUZEGZA KEDDARA,
35,3520,3520,Taourga,TAOURGA,
35,3521,3521,Ouled Aissa,OULED AISSA,
35,3522,3522,Ben Choud,BEN CHOUD,
35,3523,3523,Dellys,DELLYS,
35,3524,3524,Ammal,AMMAL,
35,3525,3525,Beni Amrane,BENI AMRANE,
35,3526,3526,Souk El Had,SOUK EL HAD,
35,3527,3527,Boudouaou El Bahri,BOUDOUAOU EL BAHRI,
35,3528,3528,Ouled Hadjadj,OULED HADJADJ,
35,3529,3529,Laghata,LAGHATA,
35,3530,3530,Hammedi,HAMMEDI,
35,3531,3531,Khemis El Khechna,KHEMIS EL KHECHNA,
35,3532,3532,El Kharrouba,EL KHARROUBA,
36,3601,3601,El Tarf,EL TARF,الطارف
36,3602,3602,Bouhadjar,BOUHADJAR,
36,3603,3603,Ben Mhidi,BEN MHIDI,
36,3604,3604,Bougous,BOUGOUS,
36,3605,3605,El Kala,EL KALA,
36,3606,3606,Ain El Assel,AIN EL ASSEL,
36,3607,3607,El Aioun,EL AIOUN,
36,3608,3608,Bouteldja,BOUTELDJA,
36,3609,3609,Souarekh,SOUAREKH,
36,3610,3610,Berrihane,BERRIHANE,
36,3611,3611,Lac Des Oiseaux,LAC DES OISEAUX,
36,3612,3612,Chefia,CHEFIA,
36,3613,3613,Drean,DREAN,
36,3614,3614,Chihani,CHIHANI,
36,3615,3615,Chbaita Mokhtar,CHBAITA MOKHTAR,
36,3616,3616,Besbes,BESBES,
36,3617,3617,Asfour,ASFOUR,
36,3618,3618,Echatt,ECHATT,
36,3619,3619,Zerizer,ZERIZER,
36,3620,3620,Zitouna,ZITOUNA,
36,3621,3621,Ain Kerma,AIN KERMA,
36,3622,3622,Oued Zitoun,OUED ZITOUN,
36,3623,3623,Hammam Beni Salah,HAMMAM BENI SALAH,
36,3624,3624,Raml Souk,RAML SOUK,
37,3701,3701,Tindouf,TINDOUF,تندوف
37,3702,3702,Oum El Assel,OUM EL ASSEL,
38,3801,3801,Tissemsilt,TISSEMSILT,تيسمسيلت
38,3802,3802,Bordj Bou Naama,BORDJ BOUNAAMA,
38,3803,3803,Theniet El Had,THENIET EL HAD,
38,3804,3804,Lazharia,LAZHARIA,
38,3805,3805,Beni Chaib,BENI CHAIB,
38,3806,3806,Lardjem,LARDJEM,
38,3807,3807,Melaab,MELAAB,
38,3808,3808,Sidi Lantri,SIDI LANTRI,
38,3809,3809,Bordj El Emir Abdelkader,BORDJ EL EMIR ABDELKADER,
38,3810,3810,Layoune,LAYOUNE,
38,3811,3811,Khemisti,KHEMISTI,
38,3812,3812,Ouled Bessem,OULED BESSEM,
38,3813,3813,Ammari,AMMARI,
38,3814,3814,Youssoufia,YOUSSOUFIA,
38,3815,3815,Sidi Boutouchent,SIDI BOUTOUCHENT,
38,3816,3816,Larbaa,LARBAA,
38,3817,3817,Maasem,MAACEM,
38,3818,3818,Sidi Abed,SIDI ABED,
38,3819,3819,Tamalaht,TAMALAHT,
38,3820,3820,Sidi Slimane,SIDI SLIMANE,
38,3821,3821,Boucaid,BOUCAID,
38,3822,3822,Beni Lahcene,BENI LAHCENE,
39,3901,3901,El Oued,EL OUED,الوادي
39,3902,3902,Robbah,ROBBAH,رباح
39,3916,3903,Sidi Aoun,SIDI AOUN,سيدي عون
39,3903,3904,Oued El Alenda,OUED EL ALENDA,وادي العلندة
39,3917,3905,Trifaoui,TRIFAOUI,تريفاوي
39,3918,3906,Magrane,MAGRANE,المقرن
39,3904,3907,Bayadha,BAYADHA,البياضة
39,3919,3908,Beni Guecha,BENI GUECHA,بني قشة
39,3905,3909,Nakhla,NAKHLA,النخلة
39,3920,3910,Ourmas,OURMAS,ورماس
39,3906,3911,Guemar,GUEMAR,قمار
39,3907,3912,Kouinine,KOUININE,كوينين
39,3908,3913,Reguiba,REGUIBA,الرقيبة
39,3909,3914,Hamraia,HAMRAIA,حمراية
39,3910,3915,Taghzout,TAGHZOUT,تاغزوت
39,3925,3916,El Ogla,EL OGLA,العقلة
39,3911,3917,Debila,DEBILA,الدبيلة
39,3926,3918,Mih Ouansa,MIH OUANSA,ميه ونسى
39,3912,3919,Hassani Abdelkrim,HASSANI ABDELKRIM,حساني عبد الكريم
39,3913,3920,Hassi Khelifa,HASSI KHELIFA,حاسي خليفة
39,3914,3921,Taleb Larbi,TALEB LARBI,طالب العربي
39,3915,3922,Douar El Ma,DOUAR EL MA,دوار الماء
40,4001,4001,Khenchela,KHENCHELA,خنشلة
40,4002,4002,Mtoussa,MTOUSSA,
40,4003,4003,Kais,KAIS,
40,4004,4004,Baghai,BAGHAI,
40,4005,4005,El Hamma,EL HAMMA,
40,4006,4006,Ain Touila,AIN TOUILA,
40,4007,4007,Taouzianat,TAOUZIANAT,
40,4008,4008,Bouhmama,BOUHMAMA,
40,4009,4009,El Oueldja,EL OUELDJA,
40,4010,4010,Remila,REMILA,
40,4011,4011,Cherchar,CHERCHAR,
40,4012,4012,Djellal,DJELLAL,
40,4013,4013,Babar,BABAR,
40,4014,4014,Tamza,TAMZA,
40,4015,4015,Ensigha,ENSIGHA,
40,4016,4016,Ouled Rechache,OULED RECHACHE,
40,4017,4017,El Mahmal,EL MAHMAL,
40,4018,4018,Msara,MSARA,
40,4019,4019,Yabous,YABOUS,
40,4020,4020,Khirane,KHIRANE,
40,4021,4021,Chelia,CHELIA,
41,4101,4101,Souk Ahras,SOUK-AHRAS,سوق أهراس
41,4102,4102,Sedrata,SEDRATA,
41,4103,4103,Hanancha,HANANCHA,
41,4104,4104,Mechroha,MECHROHA,
41,4105,4105,Ouled Driss,OULED DRISS,
41,4106,4106,Tiffech,TIFFECH,
41,4107,4107,Zaarouria,ZAAROURIA,
41,4108,4108,Taoura,TAOURA,
41,4109,4109,Drea,DREA,
41,4110,4110,Haddada,HADDADA,
41,4111,4111,Khedara,KHEDARA,
41,4112,4112,Merahna,MERAHNA,
41,4113,4113,Ouled Moumen,OULED MOUMEN,
41,4114,4114,Bir Bou Haouch,BIR BOU HAOUCH,
41,4115,4115,Mdaourouche,MDAOUROUCHE,
41,4116,4116,Oum El Adhaim,OUM EL ADHAIM,
41,4117,4117,Ain Zana,AIN ZANA,
41,4118,4118,Ain Soltane,AIN SOLTANE,
41,4119,4119,Quillen,QUILLEN,
41,4120,4120,Sidi Fredj,SIDI FREDJ,
41,4121,4121,Safel El Ouiden,SAFEL EL OUIDEN,
41,4122,4122,Ragouba,RAGGOUBA,
41,4123,4123,Khemissa,KHEMISSA,
41,4124,4124,Oued Keberit,OUED KEBERIT,
41,4125,4125,Terraguelt,TERRAGUELT,
41,4126,4126,Zouabi,ZOUABI,
42,4201,4201,Tipaza,TIPAZA,تيبازة
42,4202,4202,Menaceur,MENACEUR,
42,4203,4203,Larhat,LARHAT,
42,4204,4204,Douaouda,DOUAOUDA,
42,4205,4205,Bourkika,BOURKIKA,
42,4206,4206,Khemisti,KHEMISTI,
42,4207,4207,Aghbal,AGHBAL,
42,4208,4208,Hadjout,HADJOUT,
42,4209,4209,Sidi Amar,SIDI AMAR,
42,4210,4210,Gouraya,GOURAYA,
42,4211,4211,Nador,NADOR,
42,4212,4212,Chaiba,CHAIBA,
42,4213,4213,Ain Tagourait,AIN TAGOURAIT,
42,4214,4214,Cherchel,CHERCHEL,
42,4215,4215,Damous,DAMOUS,
42,4216,4216,Meurad,MEURAD,
42,4217,4217,Fouka,FOUKA,
42,4218,4218,Bou Ismail,BOU ISMAIL,
42,4219,4219,Ahmer El Ain,AHMER EL AIN,
42,4220,4220,Bouharoun,BOUHAROUN,
42,4221,4221,Sidi Ghiles,SIDI GHILES,
42,4222,4222,Messelmoun,MESSELMOUN,
42,4223,4223,Sidi Rached,SIDI RACHED,
42,4224,4224,Kolea,KOLEA,
42,4225,4225,Hattatba,HATTATBA,
42,4226,4226,Sidi Semiane,SIDI SEMIANE,
42,4227,4227,Beni Milleuk,BENI MILLEUK,
42,4228,4228,Hadjeret Ennous,HADJERET ENNOUS,
43,4301,4301,Mila,MILA,ميلة
43,4302,4302,Ferdjioua,FERDJIOUA,
43,4303,4303,Chelghoum Laid,CHELGHOUM LAID,
43,4304,4304,Oued Athmenia,OUED ATHMANIA,
43,4305,4305,Ain Mellouk,AIN MELLOUK,
43,4306,4306,Telerghma,TELAGHMA,
43,4307,4307,Oued Seguen,OUED SEGUEN,
43,4308,4308,Tadjenanet,TADJENANET,
43,4309,4309,Benyahia Abderrahmane,BENYAHIA ABDERRAHMANE,
43,4310,4310,Oued Endja,OUED ENDJA,
43,4311,4311,Ahmed Rachedi,AHMED RACHDI,
43,4312,4312,Ouled Khalouf,OULED KHELLOUF,
43,4313,4313,Tiberguent,TIBERGUENT,
43,4314,4314,Bouhatem,BOUHATEM,
43,4315,4315,Rouached,ROUACHED,
43,4316,4316,Tassala Lemtai,TASSALA LEMTAI,
43,4317,4317,Grarem Gouga,GRAREM GOUGA,
43,4318,4318,Sidi Merouane,SIDI MEROUANE,
43,4319,4319,Tassadane Haddada,TASSADANE HADDADA,
43,4320,4320,Derradji Bousselah,DERRADJI BOUSSELAH,
43,4321,4321,Minar Zarza,MINAR ZARZA,
43,4322,4322,Amira Arres,AMIRA ARRES,
43,4323,4323,Terrai Bainem,TERRAI BAINEM,
43,4324,4324,Hamala,HAMALA,
43,4325,4325,Ain Tine,AIN TINE,
43,4326,4326,El Mechira,EL MCHIRA,
43,4327,4327,Sidi Khelifa,SIDI KHELIFA,
43,4328,4328,Zeghaia,ZEGHAIA,
43,4329,4329,Elayadi Barbes,EL AYADI BARBES,
43,4330,4330,Ain Beida Harriche,AIN BEIDA HARRICHE,
43,4331,4331,Yahia Beniguecha,YAHIA BENI GUECHA,
43,4332,4332,Cheraga,CHERAGA,
44,4401,4401,Ain Defla,AIN-DEFLA,عين الدفلى
44,4402,4402,Miliana,MILIANA,
44,4403,4403,Boumedfaa,BOUMEDFAA,
44,4404,4404,Khemis Miliana,KHEMIS MILIANA,
44,4405,4405,Hammam Righa,HAMMAM RIGHA,
44,4406,4406,Arib,ARIB,
44,4407,4407,Djelida,DJELIDA,
44,4408,4408,El Amra,EL AMRA,
44,4409,4409,Bourached,BOURACHED,
44,4410,4410,El Attaf,EL ATTAF,
44,4411,4411,El Abadia,EL ABBADIA,
44,4412,4412,Djendel,DJENDEL,
44,4413,4413,Oued Chorfa,OUED CHORFA,
44,4414,4414,Ain Lechiakh,AIN LECHIAKH,
44,4415,4415,Oued Djemaa,OUED DJEMAA,
44,4416,4416,Rouina,ROUINA,
44,4417,4417,Zeddine,ZEDDINE,
44,4418,4418,El Hassania,EL HASSANIA,
44,4419,4419,Bir Ouled Khelifa,BIR OULED KHELIFA,
44,4420,4420,Ain Soltane,AIN SOLTANE,
44,4421,4421,Tarik Ibn Ziad,TARIK IBN ZIAD,
44,4422,4422,Bordj Emir Khaled,BORDJ EMIR KHALED,
44,4423,4423,Ain Torki,AIN TORKI,
44,4424,4424,Sidi Lakhdar,SIDI LAKHDAR,
44,4425,4425,Ben Allal,BEN ALLAL,
44,4426,4426,Ain Benian,AIN BENIAN,
44,4427,4427,El Hoceinia,EL HOCEINIA,
44,4428,4428,Barbouche,BARBOUCHE,
44,4429,4429,Djemaa Ouled Chikh,DJEMAA OULED CHEIKH,
44,4430,4430,Mekhatria,MEKHATRIA,
44,4431,4431,Bathia,BATHIA,
44,4432,4432,Tachta Zegagha,TACHTA ZEGARRA,
44,4433,4433,Ain Bouyahia,AIN BOUYAHIA,
44,4434,4434,El Maine,EL MAYENE,
44,4435,4435,Tiberkanine,TIBERKANINE,
44,4436,4436,Belaas,BELAAS,
45,4501,4501,Naama,NAAMA,النعامة
45,4502,4502,Mechria,MECHRIA,
45,4503,4503,Ain Sefra,AIN SEFRA,
45,4504,4504,Tiout,TIOUT,
45,4505,4505,Sfissifa,SFISSIFA,
45,4506,4506,Moghrar,MOGHRAR,
45,4507,4507,Assela,ASLA,
45,4508,4508,Djenien Bourezg,DJENIEN BOUREZG,
45,4509,4509,Ain Ben Khelil,AIN BEN KHELIL,
45,4510,4510,Mekmen Ben Amar,MEKMEN BEN AMAR,
45,4511,4511,Kasdir,KASDIR,
45,4512,4512,El Biod,EL BIOD,
46,4601,4601,Ain Temouchent,AIN-TEMOUCHENT,عين تموشنت
46,4602,4602,Chaabet El Ham,CHAABET EL HAM,
46,4603,4603,Ain Kihal,AIN KIHEL,
46,4604,4604,Hammam Bouhadjar,HAMMAM BOUHADJAR,
46,4605,4605,Bou Zedjar,BOUZEDJAR,
46,4606,4606,Oued Berkeche,OUED BERKECHE,
46,4607,4607,Aghlal,AGHLAL,
46,4608,4608,Terga,TERGA,
46,4609,4609,Ain El Arbaa,AIN EL ARBAA,
46,4610,4610,Tamzoura,TAMZOUGHA,
46,4611,4611,Chentouf,CHENTOUF,
46,4612,4612,Sidi Ben Adda,SIDI BEN ADDA,
46,4613,4613,Aoubellil,OUGBELLIL,
46,4614,4614,El Malah,EL MALAH,
46,4615,4615,Sidi Boumediene,SIDI BOUMEDIENE,
46,4616,4616,Oued Sabah,OUED SEBBAH,
46,4617,4617,Ouled Boudjemaa,OULED BOUDJEMAA,
46,4618,4618,Ain Tolba,AIN TOLBA,
46,4619,4619,El Amria,EL AMRIA,
46,4620,4620,Hassi El Ghella,HASSI EL GHELLA,
46,4621,4621,Hassasna,HASSASNA,
46,4622,4622,Ouled Kihal,OULED KIHAL,
46,4623,4623,Beni Saf,BENI SAF,
46,4624,4624,Sidi Safi,SIDI SAFI,
46,4625,4625,Oulhaca Gherraba,OULHACA GHERRABA,
46,4626,4626,Tadmaya,TADMAYA,
46,4627,4627,El Emir Abdelkader,EL EMIR ABDELKADER,
46,4628,4628,El Messaid,EL MSAID,
47,4701,4701,Ghardaïa,GHARDAÏA,غرداية
47,4708,4702,Zelfana,ZELFANA,زلفانة
47,4703,4703,Dhayet Bendhahoua,DHAYET BENDHAHOUA,ضاية بن ضحوة
47,4709,4704,Sebseb,SEBSEB,سبسب
47,4704,4705,Berriane,BERRIANE,بريان
47,4710,4706,Bounoura,BOUNOURA,بونورة
47,4705,4707,Metlili,METLILI,متليلي
47,4706,4708,El Guerrera,EL GUERRERA,القرارة
47,4707,4709,El Atteuf,EL ATTEUF,العطف
47,4713,4710,Mansoura,MANSOURA,المنصورة
48,4801,4801,Relizane,RELIZANE,غليزان
48,4802,4802,Oued Rhiou,OUED RHIOU,
48,4803,4803,Belaassel Bouzegza,BELAASSEL BOUZEGZA,
48,4804,4804,Sidi Saada,SIDI SAADA,
48,4805,4805,Ouled Aiche,OULED YAICH,
48,4806,4806,Sidi Lazreg,SIDI LAZREG,
48,4807,4807,El Hamadna,EL HMADNA,
48,4808,4808,Sidi Mhamed Ben Ali,SIDI MHAMED BEN ALI,
48,4809,4809,Mediouna,MEDIOUNA,
48,4810,4810,Sidi Khettab,SIDI KHETTAB,
48,4811,4811,Ammi Moussa,AMMI MOUSSA,
48,4812,4812,Zemmoura,ZEMMOURA,
48,4813,4813,Beni Dergoun,BENI DERGOUN,
48,4814,4814,Djidiouia,DJIDIOUIA,
48,4815,4815,El Guettar,EL GUETTAR,
48,4816,4816,El Hamri,EL HAMRI,
48,4817,4817,El Matmar,EL MATMAR,
48,4818,4818,Sidi Mhamed Ben Aouda,SIDI MHAMED BENAOUDA,
48,4819,4819,Ain Tarek,AIN TAREK,
48,4820,4820,Oued Essalem,OUED ESSALEM,
48,4821,4821,Ouarizane,OUARIZANE,
48,4822,4822,Mazouna,MAZOUNA,
48,4823,4823,Kalaa,KALAA,
48,4824,4824,Ain Rahma,AIN RAHMA,
48,4825,4825,Yellel,YELLEL,
48,4826,4826,Oued El Djemaa,OUED EL DJEMAA,
48,4827,4827,Ramka,RAMKA,
48,4828,4828,Mendes,MENDES,
48,4829,4829,Lahlef,LAHLEF,
48,4830,4830,Beni Zentis,BENI ZENTIS,
48,4831,4831,Souk El Haad,SOUK EL HAD,
48,4832,4832,Dar Ben Abdellah,DAR BEN ABDELLAH,
48,4833,4833,El Hassi,EL HASSI,
48,4834,4834,Had Chekkala,HAD CHEKKALA,
48,4835,4835,Bendaoud,BEN DAOUD,
48,4836,4836,El Ouldja,EL OUELDJA,
48,4837,4837,Merdja Sidi Abed,MERDJET SIDI ABED,
48,4838,4838,Ouled Sidi Mihoub,OULED SIDI MIHOUB,
49,109,4901,Timimoun,TIMIMOUN,تيميمون
49,110,4902,Ouled Saïd,OULED SAÏD,أوﻻد سعيد
49,123,4903,Aougrout,AOUGROUT,أوقروت
49,117,4904,Deldoul,DELDOUL,دلدول
49,120,4905,Metarfa,METARFA,المطارفة
49,116,4906,Tinerkouk,TINERKOUK,تينركوك
49,107,4907,Ksar Kaddour,KSAR KADDOUR,قصر قدور
49,103,4908,Charouine,CHAROUINE,شروين
49,124,4909,Talmine,TALMINE,طالمين
49,127,4910,Ouled Aïssa,OULED AÏSSA,أوﻻد عيسى
50,125,5001,Bordj Badji Mokhtar,BORDJ BADJI MOKHTAR,برج باجي مختار
50,128,5002,Timiaouine,TIMIAOUINE,تيمياوين
51,705,5101,Ouled Djellal,OULED DJELLAL,أوﻻد جلال
51,708,5102,Sidi Khaled,SIDI KHALED,سيدي خالد
51,706,5103,Ras El Miaâd,RAS EL MIAÂD,راس الميعاد
51,707,5104,Besbes,BESBES,البسباس
51,710,5105,Chaïba,CHAÏBA,الشعيبة
51,709,5106,Doucen,DOUCEN,الدوسن
52,807,5201,Béni Abbès,BÉNI ABBÈS,بني عباس
52,820,5202,Tamtert,TAMTERT,تامترت
52,818,5203,Kerzaz,KERZAZ,كرزاز
52,805,5204,Timoudi,TIMOUDI,تيمودي
52,808,5205,Béni Ikhlef,BÉNI IKHLEF,بني يخلف
52,814,5206,El Ouata,EL OUATA,الوطاء
52,812,5207,Tabelbala,TABELBALA,تبلبلة
52,803,5208,Ouled Khodeir,OULED KHODEIR,أوﻻد خضير
52,819,5209,Ksabi,KSABI,قصابي
52,811,5210,Igli,IGLI,أقلي
53,1108,5301,In Salah,IN SALAH,إن صالح
53,1110,5302,Foggaret Ezzaouia,FOGGARET EZZAOUIA,فقارت الزاوية
53,1103,5303,In Ghar,IN GHAR,إن غار
54,1104,5401,In Guezzam,IN GUEZZAM,إن قزام
54,1107,5402,Tin Zaouatine,TIN ZAOUATINE,تين زاوتين
55,3013,5501,Touggourt,TOUGGOURT,توقرت
55,3008,5502,Nezla,NEZLA,نزلة
55,3007,5503,Tebesbest,TEBESBEST,تيبسبست
55,3009,5504,Zaouia El Abidia,ZAOUIA EL ABIDIA,الزاوية العابدية
55,3016,5505,Tamacine,TAMACINE,تماسين
55,3006,5506,Blidat Ameur,BLIDAT AMEUR,بليدة عامر
55,3019,5507,Megarine,MEGARINE,المقارين
55,3018,5508,M'Naguar,M'NAGUAR,المنقر
55,3015,5509,Taibet,TAIBET,الطيبات
55,3017,5510,Benaceur,BENACEUR,بن ناصر
55,3010,5511,Sidi Slimane,SIDI SLIMANE,سيدي سليمان
55,3014,5512,El Hadjira,EL HADJIRA,الحجيرة
55,3020,5513,El Allia,EL ALLIA,العالية
56,3302,5601,Djanet,DJANET,جانت
56,3305,5602,Bordj El Haouasse,BORDJ EL HAOUASSE,برج الحواس
57,3927,5701,El Megaier,EL MEGAIER,المغير
57,3929,5702,Oum Touyour,OUM TOUYOUR,أم الطيور
57,3921,5703,Still,STILL,سطيل
57,3923,5704,Sidi Khelil,SIDI KHELIL,سيدي خليل
57,3928,5705,Djamaâ,DJAMAÂ,جامعة
57,3930,5706,Sidi Amrane,SIDI AMRANE,سيدي عمران
57,3924,5707,Tendla,TENDLA,تندلة
57,3922,5708,M'Rara.,M'RARA.,مرارة
58,4702,5801,El Meniaâ,EL MENIAÂ,المنيعة
58,4712,5802,Hassi Gara,HASSI GARA,حاسي القارة
58,4711,5803,Hassi Fehal,HASSI FEHAL,حاسي الفحل
