num, id, type_agence, nom_agence, code_agence,  wilaya_agence, commune_agence, latitude, longitude, adresse, tel, email, horaires 
1, 3027, "1", "El khatabi", "1101", "16", "16001", "36.771871", "3.057629", "04, rue emir el khettabi  alger", "021 63.53.56 - 63.53.56", "", ""
2, 3028, "1", "Ben mhidi", "1105", "16", "16001", "36.775983", "3.058535", "40, rue larbi ben m'hidi  alger", "021 73.98.17 - 73.68.49", "", ""
3, 3029, "1", "Hassiba b.b", "1106", "16", "16001", "36.765409", "3.055964", "41, rue hassiba ben bouali  alger", "021 23.52.42 - 23.52.42", "", ""
4, 3030, "2", "Morsli karim", "1163", "16", "16017", "36.734571", "3.106566", "102. rue bodjemaa moghni commune de hussein dey alger", "021 23-23-21 - 23-23-21", "", ""
5, 3031, "2", "Ouaguenouni nadera", "1164", "16", "16017", "36.731244", "3.100430", "Cit", "021 23 12 48 - 23 12 48", "", ""
6, 3032, "2", "Slama", "1165", "16", "16009", "36.68879541862891", "3.0606398636635603", "Cit", "", "", ""
7, 3033, "2", "Ait belkacem", "1154", "16", "0", "36.760804", "3.050710", "01 rue ibn el khatib alger", "021 66.60.08 - 66.60.06", "", ""
8, 3034, "2", "Kechida", "1156", "16", "16009", "36.727017", "3.051793", "Rue n 01, lot les vergers, bmr alger", "021 66 16 25 - 44 07 10 - 021 44 50 27", "", ""
9, 3035, "2", "Kechida annex", "11561", "16", "16022", "36.753622", "3.021003", "Cite malki", "", "", ""
10, 3036, "1", "Belouazdad", "1302", "16", "0", "36.754801", "3.066469", "Rue hassiba ben bouali  belouizdad alger", "021 67.89.27 - 67.89.27", "", ""
11, 3037, "1", "Garidi", "1303", "16", "16018", "36.7279258", "3.066830", "Cite garidi 1 bt 18  kouba  alger", "021 28.48.06 - 28.48.06", "", ""
12, 3038, "1", "Hussein dey", "1304", "16", "16017", "36.743582", "3.095962", "2 rue ibn el abbas el genfoud  hussein dey alger", "021 77.39.76 - 77.08.05", "", ""
13, 3039, "1", "El makaria", "1306", "16", "16017", "36.732834", "3.111610", "Cite cila maquaria    hussein dey  alger", "021 77.60.45 - 77.60.47", "", ""
14, 3040, "1", "Parnet", "1307", "16", "16017", "36.742877", "3.091421", "8 rue idris arkoub  hussein dey alger", "021 49.60.57 - 49.60.57", "", ""
15, 3041, "1", "Riadh el feth", "1308", "16", "16003", "36.743276", "3.070470", "Office riadh el feth  alger", "021 67-43-64 - 67-43-64", "", ""
16, 3042, "1", "1 mai", "1309", "16", "0", "36.762762", "3.057530", "Rue des lib", "021 23-56-99 - 23-56-99", "", ""
17, 3043, "1", "Rahmouni", "1311", "16", "16012", "36.712301", "3.062350", "14 lot mont froid birkhadem alger", "021 55.56.77 - 55.56.77", "", ""
18, 3044, "1", "Sehar", "1317", "16", "16017", "36.729209", "3.102562", "N", "021 77-82-32 - 77-82-32", "", ""
19, 3045, "1", "Kaci abdellah", "1327", "16", "16027", "36.748096", "3.053152", "El mouradia alger", "021 69 87 98 - 69 87 98", "", ""
20, 3046, "2", "Benadrouche", "1370", "16", "0", "36.743754", "3.079347", "193 rue mohamed  belouizdad alger", "021 67 30 71 - 67 30 71", "", ""
21, 3047, "2", "Belhanache mohamed", "1378", "16", "16009", "36.736876", "3.051005", "03  lotissement   beau sejour bir mourad rais  alger", "021 56.19.03 - 56 19 03", "", ""
22, 3048, "2", "Alliouane mohamed said", "1384", "16", "0", "36.759354", "3.055865", "17 rue med belouizdad alger", "021 65.08.46 - 65 08 46", "", ""
23, 3049, "2", "Mechrara lamine", "1396", "16", "16017", "36.738838", "3.100721", "35 rue said hamlat h.dey, alger", "021.77.69.53 - 77.69.53", "", ""
24, 3050, "1", "Bir khadem", "1406", "16", "16012", "36.719543", "3.051969", "3 rue des freres djilali birkhadem alger", "021 56 17 42 - 56 17 42", "", ""
25, 3051, "1", "Port said", "1501", "16", "0", "36.780139", "3.060985", "04, rue bachir ben azzouz   alger", "021 73.58.96 - 73.65.36", "", ""
26, 3052, "1", "Allouche", "1504", "16", "16005", "36.789963", "3.060602", "05, rue mustapha allouche  bab el oued   alger", "021 96 89 55 - 96-83-31", "", ""
27, 3053, "1", "Bir moras rais", "1507", "16", "16009", "36.739346", "3.061329", "Rue des fr", "023 56-92-21 - 09 - 56-92-21", "", ""
28, 3054, "1", "El harrach", "1201", "16", "16013", "36.72428", "3.14553", "34, rue bouamama, el harrach -alger", "021 52.57.64 - 52.57.64", "", ""
29, 3055, "1", "Oued smar", "1202", "16", "16015", "36.69882", "3.16998", "Bp 13, zone industrielle, oued smar - alger", "021.51.37.52 - 51.37.52", "", ""
30, 3056, "1", "B.e.k", "1203", "16", "0", "36.75336", "3.19446", "12, rue douzi mohamed, b,e,k - alger", "021.21.27.45 - 21.27.45", "", ""
31, 3057, "1", "Boudouaou", "1205", "35", "35002", "36.724129", "3.412178", "11, rue des freres mahfouf, boudouaou -boumerd", "024 84.30.40 - 84.30.40", "", ""
32, 3058, "1", "Rouiba", "1207", "16", "16042", "36.72612", "3.28850", "Cit", "021 85.45.93 - 85.45.93", "", ""
33, 3059, "1", "Baraki", "1208", "16", "16014", "36.66249", "3.10266", "Cit", "017.02.99.78 - 02.99.78", "", ""
34, 3060, "1", "Bab ezzouar", "1210", "16", "0", "36.72478", "3.17822", "Cit", "021 24.34.78 - 24.34.78", "", ""
35, 3061, "1", "Boumerd", "1211", "16", "35001", "36.756690", "3.456398", "Cit", "024 91-34-01 - 91 34 01", "", ""
36, 3062, "1", "Dar el beaida", "1212", "16", "16020", "36.72124", "3.21098", "Stad omar ben rabah, dar el beida -alger", "021 75-45-14 - 75-45-14", "", ""
37, 3063, "1", "Khemis el khechna", "1216", "16", "0", "36.65164", "3.33138", "48, rue djebbar brahim, khemis el khechna- alger", "024 87.03.25 - 87.03.25", "", ""
38, 3064, "1", "Zemmouri", "1217", "16", "35011", "36.78533", "3.60568", "01 rue bellal omar, zemmouri - boumerd", "024 86 44 70 -  - ", "", ""
39, 3065, "1", "Cenntre d'affaire b.e.z", "1219", "16", "0", "36.714496", "3.199599", "Centre d'affaire bab ezzouar -alger", "021 22 50 80", "", ""
40, 3066, "2", "Baba mohamed", "1252", "16", "16013", "36.71293", "3.15343", "41, rue mettah, beaulieu- alger", "026.87.49.03", "", ""
41, 3067, "2", "Cheraitia omar", "1253", "16", "16042", "36.73452", "3.28282", "Cit", "021 76 91 86", "", ""
42, 3068, "2", "Lazreg said", "1255", "16", "16014", "36.7312717", "3.0876783", "Lot n", "023.90.89.41", "", ""
43, 3069, "2", "Guettal athmane", "1259", "16", "16029", "36.73467", "3.16562", "Route nationale 24, pins maritimes-alger", "021 21 90 31 - 21-90-31", "", ""
44, 3070, "2", "Larbi said", "1260", "16", "0", "36.71484", "3.19950", "Rue baha m'hamed n", "020 47 13 03 - 021 24 41 47", "", ""
45, 3071, "2", "Kerroum abderazak", "1261", "16", "0", "36.72320", "3.20061", "Cite 1200 logts, granitex bt3 local n", "021 24 40 59 - 24 40 59", "", ""
46, 3072, "2", "Mebrak abderrahmane", "1263", "16", "16014", "36.66436", "3.09277", "Lot c - 85 route de larabaa,baraki-alger", "021 53 11 81 - 53 14 59", "", ""
47, 3073, "2", "Daoud amar", "1264", "35", "0", "36.57127", "3.59376", "Promo afritrame ain abdellah, boumerd", "020 79 50 00 -  - ", "", ""
48, 3074, "2", "Mezaguer rachid", "1265", "16", "16038", "36.79681", "3.24578", "04, avenue de la victoire, ain taya-alger", "021 86.80.52 - 86.80.51", "", ""
49, 3075, "2", "Yahyaoui mohamed", "1267", "16", "16013", "36.720194", "3.141372", "El harrache-alger", "021 52.23.06 - 52.59.06", "", ""
50, 3076, "2", "Zemourene rachid", "1271", "16", "16043", "36.73177", "3.28350", "Cit", "023 96-76-43 - 96-76-43", "", ""
51, 3077, "2", "Behbouh adel", "1272", "16", "16039", "36.78539", "3.24961", "Rn24, local 26 terre familiale bordj el bahri -alger", "021 86.29.32 - 86 29 32", "", ""
52, 3078, "2", "Ouadou abdeslam", "1273", "16", "16042", "36.73174", "3.28352", "N", "021 81 24 07 - 81 24 07", "", ""
53, 3079, "2", "Mekhabi bouzid", "1274", "16", "0", "36.73007", "3.15083", "Cit", "023 82 04 43 - 82 04 43", "", ""
54, 3080, "2", "Zitouni elhocine", "1275", "16", "0", "36.65254", "3.14637", "Cit", "021 50 23 90 - 50 23 90", "", ""
55, 3081, "2", "Lamri abdelkrim", "1276", "16", "10035", "36.37179", "3.90051", "Rue commandant si lakhdhar, ain bessam -alger", "026.87.49.03", "", ""
56, 3082, "2", "Farha abdelhamid", "1277", "16", "16037", "36.60952", "3.08874", "Sidi moussa -alger", "021 76 91 86", "", ""
57, 3083, "2", "Bouchouk djamila", "1278", "16", "16037", "36.61769", "3.12562", "Cit", "023.90.89.41", "", ""
58, 3084, "2", "Bahet ali", "1322", "16", "0", "36.72152", "3.20999", "Hai benzerga, lot n", "021 21 86 42 - 21 86 42", "", ""
59, 3085, "2", "Menassel mansour", "1325", "16", "0", "36.668093", "3.143680", "Cit", "021 50 36 24 - 50 36 24", "", ""
60, 3086, "2", "Youbi nadia", "1326", "16", "16043", "36.73166", "3.33964", "Cit", "021 84 01 29  - 84 01 70", "", ""
61, 3087, "2", "Ouiche aissa", "1374", "16", "16029", "36.7340599", "3.1623633", "6 rue seddik ramdhane, pins maritimes -alger", "021 21.97.41 - 21 97 41", "", ""
62, 3088, "2", "Benchernine arezki", "1381", "35", "35002", "36.73276", "3.39774", "Cit", "024 84-45-25 - 020 78-27-27 - 84-45-25", "", ""
63, 3089, "2", "Djafer mohamed", "1391", "16", "16013", "36.721626", "3.115966", "Cit", "021 58 69 00 - 58 68 85", "", ""
64, 3090, "2", "Adel ali", "1392", "16", "0", "36.7700788", "3.3159731", "14 rue nationale el bayada hraoua- alger", "021 66-29-99 - 66-29-99", "", ""
65, 3091, "2", "Zougari", "1393", "16", "16042", "36.74132", "3.28671", "Cit", "021-85-56-40 - 85-56-40", "", ""
66, 3092, "2", "Belhachat faiza", "1394", "16", "16042", "36.74054", "3.28935", "01, avenue felfoul mohamed rouiba-alger", "021 85.51.75 - 85.51.75", "", ""
67, 3093, "2", "Guelma a", "3003", "23", "24001", "36.4693225", "7.42957916666667", "01, rue salah makhloufi - guelma", "037 20.29.72 - 20.29.72", "", ""
68, 3094, "2", "Aga mohamdatni", "2767", "23", "24001", "36.4702433333333", "7.43528694444444", "03 , rue chorfi ali - annaba", "037.26.58.25 - 26.58.25", "", ""
69, 3095, "2", "Aga hadad", "2777", "23", "0", "36.9047944444444", "7.75533277777778", "34, rue saouli abdelkader , local n ", "038 40 14 50 - 40 14 50", "", ""
70, 3096, "1", "El bouni", "2710", "23", "24001", "36.8527433333333", "7.74513777777778", "Cit", "038 52.54.39 - 52.54.39", "", ""
71, 3097, "2", "Aga guennour", "2768", "23", "23001", "36.5970863888889", "7.73265944444444", "Rue plaine ouest , bt 149 n", "038 54 11 03 - 038 54 11 03", "", ""
72, 3098, "2", "Aga bendjdid", "2773", "23", "0", "36.8832744444444", "7.71485888888889", "Chemin de wilaya n", "038 55 28 36 - 55 28 36", "", ""
73, 3099, "2", "Aga lechekheb", "2778", "23", "0", "36.8097808333333", "7.71289833333333", "La gare sidi amer annaba", "038 57 53 38 - 57 53 38", "", ""
74, 3100, "1", "Bouteldja", "2712", "23", "23001", "36.7885294444444", "8.19665138888889", "Cit", "038 60.92.14 - 60.92.14", "", ""
75, 3101, "2", "Aga zaoui", "2779", "23", "0", "36.9016202777778", "7.75889694444444", "11 all", "038 80 16 83 - 80 16 83", "", ""
76, 3102, "2", "Aga saadi", "2780", "23", "0", "36.8976175", "7.74145666666667", "13 rue amir abdelkader annaba", "038 80 56 41 - 80 56 41", "", ""
77, 3103, "2", "Aga boughaba", "2759", "23", "23001", "36.8992219444444", "7.75948555555556", "13 rue lamara abdelkader - annaba", "038 80.12.20 - 80.12.20", "", ""
78, 3104, "2", "Aga boulehneche", "2761", "23", "23001", "36.9007061111111", "7.76086972222222", "01,rue rachedi ali - annaba", "038 80.36.51 - 80.36.51", "", ""
79, 3105, "1", "Annaba b", "2702", "23", "23001", "36.8973411111111", "7.75765277777778", "09, rue asla hocine - annaba", "038 84.15.18 - 84.15.18", "", ""
80, 3106, "1", "Annaba sts", "2706", "23", "23001", "36.8963419444444", "7.75513388888889", "12,rue merairia mohamed - annaba", "038 84.47.28 - 84.47.28", "", ""
81, 3107, "1", "Annaba c", "2703", "23", "23001", "36.8999602777778", "7.76004805555556", "02 , plase tarek ibn ziad - annaba", "038 86.20.60 - 86.20.60", "", ""
82, 3108, "2", "Aga merani", "2753", "23", "23001", "36.9014075", "7.75435666666667", "18, rue necib arifa - annaba", "038 86.27.44 - 86.27.44", "", ""
83, 3109, "1", "El houria", "2704", "23", "23001", "36.9081541666667", "7.74942694444444", "22 rue amara corba annaba.", "038 86.48.96 - 86.48.96", "", ""
84, 3110, "1", "Annaba a", "2701", "23", "23001", "36.9008388888889", "7.75458888888889", "29 , bd, bouzered hocine - annaba", "038 86.65.05 - 86.65.05", "", ""
85, 3111, "1", "El hadjar", "2709", "23", "23001", "36.8045897222222", "7.73741972222222", "Rue de la poste , el hadjar - annaba", "038 89.22.78 - 89.22.78", "", ""
86, 3112, "2", "Aga smili", "2763", "23", "23003", "36.8039613888889", "7.73600361111111", "66 zighoud youcef , n", "038 89-32-00 - 89-32-00", "", ""
87, 3113, "0", "Dr_annaba", "27", "23", "23001", "36.8963419444444", "7.75513388888889", "12, rue merairia mohamed  annaba", "", "", ""
88, 3114, "2", "Annexe aga laiche", "27541", "23", "0", "36.8947319444444", "8.44104583333333", "Place de annaba el kala", "", "", ""
89, 3115, "2", "Aga deraddji", "2781", "23", "0", "36.8986388888889", "7.74608333333333", "15 rue didouche mourad annaba", "038 47 74 30", "", ""
90, 3116, "1", "El kala", "2705", "36", "36005", "36.8922222222222", "8.43861111111111", "Rue 24 avril , el kala - el tarf", "038 66.08.93 - 66.08.93", "", ""
91, 3117, "1", "Drean", "2711", "36", "36013", "36.6854722222222", "7.75149444444444", "Route nationale drean -el tarf", "038 68.86.84 - 68.86.84", "", ""
92, 3118, "1", "Bouhadjar", "2713", "36", "36002", "36.5051452777778", "8.10593138888889", "Rue du 20 aout 1955, bouhadjar -  el tarf", "038 62.64.90 - 62.64.90", "", ""
93, 3119, "1", "El taref", "2716", "36", "36005", "36.7647222222222", "8.31388888888889", "Rue dakhile laarbi  - el tarf", "038.60.16.00 - 60.16.00", "", ""
94, 3120, "1", "Aga laiche", "2754", "36", "36001", "36.7638986111111", "8.31465694444445", "Rue tahri hacene - el tarf", "038 60 27 54 - 60 27 54", "", ""
95, 3121, "1", "Annexe boughaba", "23006", "36", "0", "36.76924", "7.90502555555556", "Ben m'hidi_el tarf", "", "", ""
96, 3122, "1", "Poste frontalier aioun", "23003", "36", "0", "36.7438888888889", "8.6325", "Poste frontalier aioun", "", "", ""
97, 3123, "1", "Poste frontalier oum tboul", "23004", "36", "0", "36.8825", "8.64166666666667", "Poste frontalier oum tboul", "", "", ""
98, 3124, "2", "Aga fnides", "2769", "24", "0", "36.5084986111111", "7.4402975", "Cit", "037 23 49 43 -  23 49 43", "", ""
99, 3125, "2", "Aga chiheb", "2770", "24", "0", "36.4505555555556", "7.43472222222222", "Oued el maiz,lotissement 26,coop n", "037 20 68 07 - 20 68 07", "", ""
100, 3126, "2", "Aga bayaa rassou", "2771", "24", "0", "36.4637680555556", "7.47508444444444", "Rue du 8 mai 1945 belkheir - guelma", "037 24-76-30 - 037 24 76 30", "", ""
101, 3127, "2", "Aga farahe", "2775", "24", "0", "36.45", "7.43972222222222", "Cit", "037 20 91 50 - 20 91 50", "", ""
102, 3128, "2", "Guelma b", "3009", "24", "24001", "36.4641608333333", "7.42979305555556", "Centre commercial ex caserne - guelma", "037 20.73.54 - 20.73.54", "", ""
103, 3129, "2", "Bouchegouf", "3013", "24", "24025", "36.4728413888889", "7.73098027777778", "Rue du 1 er novembre 1954 bouchegouf - guelma", "037 22.63.72 - 22.63.72", "", ""
104, 3130, "2", "Aga boudouda", "3052", "24", "24001", "36.4637369444444", "7.43838305555556", "Rue belkheir ciaj egta - guelma", "037 26 35 35 - 26-35-35", "", ""
105, 3131, "2", "Aga reguini", "3055", "24", "24001", "36.4665572222222", "7.42975361111111", "Rue d'announa , n", "037.26.59.59 - 26.59.59", "", ""
106, 3132, "2", "Aga manaa", "2776", "21", "0", "36.8694805555556", "6.91462138888889", "Cite fr", "038 72 41 68 - 72 41 68", "", ""
107, 3133, "1", "Skikda a", "3005", "21", "24001", "36.8643488888889", "7.90450916666667", "Cit", "038.70.55.65 - 70.55.65", "", ""
108, 3134, "1", "Skikda b", "3006", "21", "24001", "36.8659775", "6.90116833333333", "Cit", "038 70.55.66 - 70.55.66", "", ""
109, 3135, "1", "Azzaba", "3007", "21", "21004", "36.7493130555556", "7.10270861111111", "Rue du 1 er novembre 54 azzaba - skikda", "038 77 84 79 - 77 84 79", "", ""
110, 3136, "1", "El harrouch", "3008", "21", "21001", "36.6510516666667", "6.83449805555556", "Cit", "038 79.03.01 - 79.03.01", "", ""
111, 3137, "1", "Skikda b sts", "3010", "21", "21001", "36.4728413888889", "7.73098027777778", "40, rue didouche mourad - skikda", "038 75.27.95 - 75.27.95", "", ""
112, 3138, "2", "Aga brania", "3051", "21", "21001", "36.8690930555556", "6.91286722222222", "All", "038 72.10.46 - 72.10.46", "", ""
113, 3139, "2", "Aga boulahlouba", "3054", "21", "21001", "36.883285", "6.90732111111111", "04,rue place du 1er novembre 1954 - skikda", "038 75.57.30 - 75.57.30", "", ""
114, 3140, "1", "Souk ahras", "2708", "41", "21001", "36.2836994444444", "7.95839416666667", "Rue abdel moumen - souk ahras", "037 31 04 59 - 31 04 59", "", ""
115, 3141, "1", "Berrahal", "2714", "41", "21001", "36.8339372222222", "7.45770305555556", "Cit", "038 87.81.98 - 87.81.98", "", ""
116, 3142, "1", "Sedrata", "3001", "41", "21001", "36.1270916666667", "7.53457888888889", "Cit", "037 37.69.96 - 37.69.96", "", ""
117, 3143, "1", "Poste frontalier hadadda", "23001", "41", "0", "36.2290138888889", "8.34407111111111", "Poste frontalier hdadda", "", "", ""
118, 3144, "1", "Poste frontalier  ouled moumen", "23002", "41", "0", "36.4275580555556", "8.36992805555556", "Poste frontalier ouled moumen", "", "", ""
119, 3145, "1", "Tebessa", "2906", "12", "41002", "35.4015555555556", "8.11791666666667", "Cit", "037 48 48 78 - 48.48.78", "", ""
120, 3146, "1", "Bir el ater", "2918", "12", "12002", "34.75125", "8.05630555555556", "Cit", "037 44.65.92 - 44.65.92", "", ""
121, 3147, "2", "Aga zitouni", "2774", "12", "0", "35.9403525", "8.13830583333333", "N", "037 46 86 68 - 46 86 68", "", ""
122, 3148, "1", "Kais", "2915", "5", "12001", "35.4873611111111", "6.93227777777778", "Route de khenchla kais- khenchela", "032 37.26.55 - 37.26.55", "", ""
123, 3149, "1", "Bd. aissat idir, ain m'lila-ou", "2901", "4", "0", "36.033333", "6.583333", "Bd,aissat idir ain m'lila- ( w )-o-e-bouaghi", "032 44.84.28 - 44.84.28", "", ""
124, 3150, "2", "Aga chergui", "2967", "5", "0", "35.5401388888889", "6.16866666666667", "La coop", "033 25 81 01", "", ""
125, 3151, "2", "Aga gouicem ali", "2970", "5", "0", "34.8517222222222", "5.75172222222222", "Cit", "033 52 55 63 - 52 55 63", "", ""
126, 3152, "2", "Aga azizi zahira", "2969", "5", "0", "35.6171666666667", "6.24597222222222", "Route nationale n", "033 80 80 47", "", ""
127, 3153, "2", "Aga mohamedi", "2959", "5", "5001", "35.5345833333333", "6.18255555555556", "Cnep 2 n", "033 81 20 03 - 81-20-03", "", ""
128, 3154, "2", "Aga haiouni", "2964", "5", "0", "35.5353611111111", "6.14680555555556", "N", "033 81-84-10", "", ""
129, 3155, "1", "Merouana", "2910", "5", "5001", "35.6335277777778", "5.90722222222222", "Rue du lyc", "033 83.11.29 - 83.11.29", "", ""
130, 3156, "1", "Ain touta", "2920", "5", "5045", "35.3773055555556", "5.89183333333333", "Route de biskra ain touta- batna", "033 83.54.37 - 83.54.37", "", ""
131, 3157, "2", "Aga belkacemi", "2963", "5", "0", "35.6300833333333", "5.909", "Cit", "033 83-19-52", "", ""
132, 3158, "2", "Aga meguellati", "2966", "5", "0", "35.3783055555556", "5.8935", "Rue salah laala ain touta _ batna", "033 83-67-97", "", ""
133, 3159, "1", "Arris", "2912", "5", "5016", "35.2575555555556", "6.35772222222222", "Cit", "033 84.50.61 - 84.50.61", "", ""
134, 3160, "1", "Batna 'b'", "2903", "5", "5001", "35.5550555555556", "6.17263888888889", "05, rue grine belkacem- batna", "033 85.19.88 - 85.19.88", "", ""
135, 3161, "1", "Batna stes", "2905", "5", "5016", "35.5495", "6.17488888888889", "02, all", "033 85-63-74 - 85-63-74", "", ""
136, 3162, "2", "Aga mekentichi", "2958", "5", "5001", "35.549", "6.17455555555556", "02, all", "033 85-65-71 - 85-65-71", "", ""
137, 3163, "2", "Aga khedri", "2965", "5", "0", "35.5435277777778", "6.15855555555556", "N", "033 86 81 81", "", ""
138, 3164, "2", "Aga bechtellah", "2961", "5", "0", "35.5379444444444", "6.14005555555556", "Cit", "033 86 94 66", "", ""
139, 3165, "2", "Aga kada", "2957", "5", "5001", "35.5549166666667", "6.16908333333333", "02, avenue de la verdure- batna", "033 86.98.14 - 86.98.14", "", ""
140, 3166, "1", "N'gaous", "2904", "5", "0", "35.5534166666667", "5.61108333333333", "Route principale, n_gaous- batna", "033 88.72.72 - 88.72.72", "", ""
141, 3167, "1", "Barika", "2913", "5", "5001", "35.3853055555556", "5.36983333333333", "Cit", "033 89.10.42 - 89.10.42", "", ""
142, 3168, "1", "Biskra 'a'", "3102", "7", "0", "34.8578055555556", "5.72708333333333", "14, rue de la r", "033 74.71.59 - 74.71.59", "", ""
143, 3169, "1", "Biskra 'b'", "3103", "7", "5042", "34.8458055555556", "5.69152777777778", "Cit", "033 73 41 65 - 73 41 65", "", ""
144, 3170, "1", "Tolga", "3105", "7", "7001", "34.7314166666667", "5.38391666666667", "Route d_alger tolga _ biskra", "033 78 61 68 - 78-73-40", "", ""
145, 3171, "1", "Ouled djellal", "3106", "7", "7001", "34.4290555555555", "5.06813888888889", "Route principale, villa n", "033 76.04.96 - 76.04.96", "", ""
146, 3172, "1", "Sidi okba", "3109", "7", "7021", "34.7551111111111", "5.90569444444444", "Rue khattab abdelhafid sidiokba -biskra", "033 60.51.44 - 60.51.44", "", ""
147, 3173, "1", "Biskra stes", "3114", "7", "0", "34.8534444444444", "5.72780555555556", "37, boulevard emir abdelkader- biskra", "033 73.34.56 - 73.34.56", "", ""
148, 3174, "2", "Aga merrad", "2960", "7", "7001", "34.8545", "5.70752777777778", "All", "033 75 54 45 - 033 75 54 45", "", ""
149, 3175, "2", "Aga zaigouche", "3153", "7", "0", "35.2221388888889", "5.70825", "Route principale el kentara- biskra", "033 79.21.89 -  79.21.89", "", ""
150, 3176, "1", "Khenchela", "2908", "40", "7001", "35.4291111111111", "7.14075", "Cit", "032 32.26.73 - 32.26.73", "", ""
151, 3177, "1", "Chechar", "2921", "40", "0", "35.0413888888889", "7.00444444444444", "Cit", "032 35.30.19 -  35.30.19", "", ""
152, 3178, "2", "Aga falek", "2952", "40", "40001", "35.4335555555556", "7.14175", "Cit", "032 32.54.80 - 32.54.80", "", ""
153, 3179, "1", "Oum el bouaghi", "2909", "4", "0", "35.8775", "7.113611", "Cit", "032 42.45.57 - 42.45.57", "", ""
154, 3180, "1", "Ain beida", "2911", "4", "4002", "35.7943333333333", "7.38775", "Rue  zidouni amara, ain beida- oum el bouaghi", "032 49.35.08 - 49.35.08", "", ""
155, 3181, "1", "Ain fakroun", "2914", "4", "0", "35.9731111111111", "6.86983333333333", "Cit", "032 40.24.43 - 40.24.43", "", ""
156, 3182, "1", "Sidi aissa", "1810", "28", "28016", "35.887358", "3.773849", "Boulevard de l'aln sidi aissa m'sila", "", "", ""
157, 3183, "1", "Adrar", "3405", "1", "1001", "27.870719", "-0.285890618", "Rue slimane ben ali bp n", "049 96.83.66 - 96.83.66", "", ""
158, 3184, "1", "Timimoun", "3406", "1", "1009", "29.2649344", "0.236425917", "Centre commercial bp n", "049 90.41.51 - 90.41.51", "", ""
159, 3185, "1", "Aoulef", "3407", "1", "1012", "26.971727", "1.080194", "Rue emir abdelkader bp n", "049 97.60.85 - 97.60.85", "", ""
160, 3186, "1", "Bechar a", "3401", "0", "8001", "31.5757815", "-2.261777914327", "05,rue khelifa ben mahdjoub -bechar", "049.83.22.71 - 81 86 41", "", ""
161, 3187, "1", "Bechar b", "3402", "0", "8001", "31.5757041", "-2.2311358895", "Cit", "049 80 85 61 - 80 85 61", "", ""
162, 3188, "1", "Mechrie", "3403", "0", "0", "33.5481996", "-0.274464717", "Rue salhi tayeb,mechria na", "049 77 61 60 - 77 61 60", "", ""
163, 3189, "1", "Ain sefra", "3404", "0", "45003", "32.7568327", "-0.587233417", "Cit", "049 76.17.04 - 76.49.25", "", ""
164, 3190, "1", "Tindouf", "3408", "37", "37001", "27.669861", "8.135347", "Hai el gesabi bp 358 tindouf", "049 92.18.06 - 92.18.06", "", ""
165, 3191, "1", "Gharassa", "3409", "0", "8001", "31.5915544", "-2.22224517", "Rond piont s,n,t,r gharassa , bechar", "049 81.32.59 - 81.32.59", "", ""
166, 3192, "1", "Na", "3410", "0", "45001", "33.2756748", "-0.307089117", "Hai 88 - 280 logts n", "049 79.52.07 - 79.52.07", "", ""
167, 3193, "1", "Beni ounif", "3411", "0", "8021", "31.5491822", "1.59596657", "Bp137 centre ville beni ounif bechar", "049 84.24.97 - 84 24 97", "", ""
168, 3194, "1", "Beni abbes", "3412", "0", "8007", "30.131285", "2.174509", "Cite ibn badis ", "049 82 43 26 - 82 43 26", "", ""
169, 3195, "1", "Abadla", "3413", "0", "0", "31.035193", "2.710491", "Cit", "049 85-63-90 - 85-63-90", "", ""
170, 3196, "1", "Constantine b", "2601", "25", "25001", "36.361462", "6.604332", "08,rue abane ramdane  constantine", "031 91.28.45 - 91.28.45", "", ""
171, 3197, "1", "Constantine c", "2602", "25", "25001", "36.340697", "6.593317", "Cite du 5 juillet 62  constantine", "031 66.74.88 - 66.79.14", "", ""
172, 3198, "1", "Constantine d", "2603", "25", "25001", "36.359762", "6.604839", "02,place fodil benyezzar constantine", "031 93.67.32 - 93.67.32", "", ""
173, 3199, "1", "Constantine e", "2604", "25", "25001", "36.353236", "6.639602", "Cite daksi  s.m.k.  constantine", "031 63 43 13 - 63-03-65", "", ""
174, 3200, "1", "B societes", "2606", "25", "25001", "36.359537", "6.605095", "02,place benyezzar fodil constantine", "031 92-57-77 - 93 38 37", "", ""
175, 3201, "1", "El khroub", "2607", "25", "25006", "36.268019", "6.692946", "Cit", "031 80.11.62 - 80 29 29", "", ""
176, 3202, "1", "Mila", "2608", "43", "43001", "36.453721", "6.262925", "41, rue jerusalem mila", "031 57.77,38 - 57.86.32", "", ""
177, 3203, "1", "El milia", "2609", "18", "18009", "36.752728", "6.271367", "Cit", "034 42 97-97 - 42 66 89", "", ""
178, 3204, "1", "Jijel a", "2610", "18", "18001", "36.813953", "5.771008", "Cit", "034 47.16.48 - 47.16.87", "", ""
179, 3205, "1", "Taher", "2612", "18", "18005", "36.769876", "5.895716", "Rue boukerroum tahar, taher jijel", "034 44.92.22 - 44.92.22", "", ""
180, 3206, "1", "Chelghoum el aid", "2613", "43", "43003", "36.161913", "6.17315", "Cit", "031 52.72.36 - 52.72.36", "", ""
181, 3207, "1", "Teleghma", "2614", "43", "0", "36.116679", "6.354739", "N", "031 50 24 94 - 50.24.94", "", ""
182, 3208, "1", "Emir abdelkader", "2615", "25", "25001", "36.346111", "6.603398", "Arcades mosquee emir aek constantine", "031 93.66.25 - 031 92 55 40 - 93.81.47", "", ""
183, 3209, "1", "Ferdjioua", "2616", "43", "43002", "36.411392", "5.939934", "Cit", "031 59.86.49 - 59.94.93", "", ""
184, 3210, "1", "Chemin des dames", "2617", "25", "25001", "36.372332", "6.622311", "Rue des freres bouchama constantine", "031 94.55.03 - 94.55.03", "", ""
185, 3211, "1", "Hamma bouziane", "2618", "25", "25002", "36.410506", "6.59541", "Cite 1er novembre hamma bouziane bt h constantine", "031.84.13.51 - 84.13.51", "", ""
186, 3212, "1", "Sidi abdelaziz", "2620", "18", "18013", "36.853733", "6.052712", "28,route principale sidi a.aziz jijel", "034 45.61.91 - 45.61.91", "", ""
187, 3213, "1", "Tadjenanet", "2621", "43", "0", "36.122145", "5.983963", "Rue khettab ahmed  tadjnanet mila", "031 53 32 58 - 031 53 32 58", "", ""
188, 3214, "1", "Grarem", "2622", "43", "43017", "36.515697", "6.327064", "Route nationale n.27  grarem   mila", "031 56.42.00 - 56.42.00", "", ""
189, 3215, "1", "Oued zenati", "3002", "0", "24004", "36.308826", "7.164058", "Nouvelle gare routiere oued zenati guelma", "037 27.50 06 - 27.50 06", "", ""
190, 3216, "1", "Collo", "3004", "21", "21010", "37.007664", "6.568352", "Cite des 4o logts  collo skikda", "038 71.77.22 - 71.77.22", "", ""
191, 3217, "1", "Zighoud youcef", "3011", "25", "25004", "36.534151", "6.712354", "Cite 24 fevrier 56 zighout youcef  constantine", "031 91.94.12 - 91.94.12", "", ""
192, 3218, "2", "Mezaache  amar", "2650", "25", "25001", "36.345556", "6.603517", "Cite filali bt c n.56 constantine", "031 92.24.03 - 92,24,03", "", ""
193, 3219, "2", "Benyahia  ahmed", "2655", "25", "25001", "36.360539", "6.60551", "04,rue boubertakh abdelkrim constantine", "031 92.60.53 - 92.60.53", "", ""
194, 3220, "2", "Debbache mohamed", "2656", "43", "43003", "36.158984", "6.168108", "Route principale chelghoum laid mila", "031 52.65.56 - 52.65.56", "", ""
195, 3221, "2", "Bousekssou azedine", "2657", "25", "25001", "36.354664", "6.633424", "14,rue smail mahdjoub  constantine", "031 62.14.70 - 62.14.70", "", ""
196, 3222, "2", "Mousennef fadila ", "2663", "25", "25001", "36.363276", "6.637512", "Cite lassifer abderrezak ex les apotres bt a, constantine", "031 62-42-99 - 62-42-99", "", ""
197, 3223, "2", "Benameur  allaoua", "2664", "25", "25001", "36.352774", "6.605544", "49,rue bourafrouf  bellevue constantine", "031 93.53.76 - 93.53.76", "", ""
198, 3224, "2", "Nemouchi  mohamed", "2665", "25", "25001", "36.359202", "6.643523", "Cite el mordjane n", "031 63-02-35 - 63-02-35", "", ""
199, 3225, "1", "Mahmoudi  ali", "2666", "25", "25001", "36.356417", "6.620519", "01,chalet des pins constantine", "031 62.12.33 - 62.12.33", "", ""
200, 3226, "2", "Bouhouche salah", "2667", "25", "25006", "36.25141", "6.704576", "", "031 96.40.01 - 031.96.40.01", "", ""
201, 3227, "2", "Mezerrag    abdelhak", "2668", "18", "18001", "36.819264", "5.758179", "55,rue des maquisards -jijel", "034 47.79.05 - 47,79,05", "", ""
202, 3228, "2", "Boudermine messaoud", "2669", "43", "43001", "36.454966", "6.260498", "Cit", "031 57 94 49 - 57 94 49", "", ""
203, 3229, "2", "Rouibah abdelhafid", "2671", "18", "18001", "36.807291", "5.76778", "Lots lounis route de m'kaced n", "034 50 32 62 - 50 32 62", "", ""
204, 3230, "2", "Deghiche mebarek", "2672", "43", "0", "36.12253", "5.984965", "23, rue benaouda amor,tadjenanet-mila", "031 52 39 32 - 52 39 32", "", ""
205, 3231, "2", "Boukhalfa mohammed abdelaziz", "2674", "25", "25001", "36.331859", "6.583078", "Cit", "031 66 28 25 - 66 28 25", "", ""
206, 3232, "2", "Talhi teniou radia", "2675", "25", "25001", "36.36012", "6.604552", "Rue boudehane messoud n", "031 92-20-41 - 91 28 72", "", ""
207, 3233, "2", "Bouhouche tarek", "2678", "25", "0", "36.361649", "6.640436", "Cit", "031 61 47 81 -  61 47 81", "", ""
208, 3234, "2", "Boudjenana abdelhak", "2680", "18", "0", "36.777577", "5.895939", "Lot,15 local n", "034 44 54 42 - 44 54 42", "", ""
209, 3235, "2", "Siari mansour", "2681", "25", "0", "36.263532", "6.584655", "Uv 05 projet 106 logts promotionnels bt: l  nouvelle ville ali mendjeli", "031 95 71 90 - 95 71 90", "", ""
210, 3236, "2", "Sedira mohamed adel", "2682", "18", "18001", "36.817756", "5.770287", "", "", "", ""
211, 3237, "2", "Boufermel hocine", "2683", "18", "0", "36.749435", "6.26766", "N", "031 52 61 59 - 52 61 59", "", ""
212, 3238, "2", "Arfi salah eddine", "2684", "43", "0", "36.412234", "5.944048", "Cit", "031 59 73 09 - 59 73 09", "", ""
213, 3239, "2", "Koussa smail", "2685", "25", "25001", "36.363312", "6.644292", "", "", "", ""
214, 3240, "2", "", "2686", "25", "0", "36.252501", "6.569066", "Uv 2 bt a01 n", "031 75 32 12", "", ""
215, 3241, "2", "", "2687", "25", "25006", "36.257221", "6.590088", "", "", "", ""
216, 3242, "1", "Zebiri", "21001", "25", "0", "36.247323", "6.287817", "", "", "", ""
217, 3243, "1", "", "26121", "25", "0", "36.825524", "5.961453", "", "", "", ""
218, 3244, "1", "Aflou", "1904", "3", "15001", "34.1177944444444", "2.09663333333333", "Route de tiaret bp 79  aflou  laghouat", "029 96.61.54 - 96.61.54", "", ""
219, 3245, "1", "Hassi rmel", "1920", "3", "44010", "32.95", "3.27", "Cite opgi hassi r'mel laghouat", "029.98.84.97 - 029.98.84.97", "", ""
220, 3246, "0", "D.r mouzaia", "16", "0", "44001", "36.4696166666667", "2.68871666666667", "Rue birane m'hamed mouzaia", "", "", ""
221, 3247, "1", "Blida 'a'", "1601", "9", "9001", "36.473604035700575", "2.8229879887846865", "Rue amara youcef  blida", "", "", ""
222, 3248, "1", "Blida 'b'", "1602", "9", "9001", "36.474936829350014", "2.8300684688620152", "Cit", "", "", ""
223, 3249, "1", "Blida 'c'", "1603", "9", "9001", "36.47893989124208", "2.8194957526740514", "75  bvd mohamed boudiaf  blida", "", "", ""
224, 3250, "1", "Boufarik", "1604", "9", "9020", "36.569292403625255", "2.9057361423433", "Place  de  marcher de  gros  boufarik", "", "", ""
225, 3251, "1", "Cherchel", "1605", "42", "0", "36.59961970303233", "2.1793237843736604", "Cit", "", "", ""
226, 3252, "1", "Hadjout", "1606", "42", "42012", "36.51549644190845", "2.4098960032282264", "Rue abed mohamed hadjout", "", "", ""
227, 3253, "1", "Bousmail", "1607", "42", "42026", "36.64249359889546", "2.692591634080859", "Rue didouche mourad bou ismail", "", "", ""
228, 3254, "1", "Kolea", "1608", "42", "42035", "36.635694017156354", "2.7696606219201483", "Route  de  blida kol", "", "", ""
229, 3255, "1", "Mouzaia", "1609", "9", "9016", "36.46983485207129", "2.6884105615718137", "Rue biren m'hamed  mouzaia", "", "", ""
230, 3256, "1", "Tipaza", "1610", "42", "42001", "36.58907989580614", "2.457141292034293", "Cit", "", "", ""
231, 3257, "1", "Oued  el  alleug", "1611", "9", "9004", "36.55606135855667", "2.7932692490806126", "Route de boufarik oea", "", "", ""
232, 3258, "1", "Damous", "1613", "42", "42023", "36.54838907260194", "1.7048949195187402", "Rue  freres badje  damous", "", "", ""
233, 3259, "1", "El  affroun", "1614", "9", "9010", "36.46845043298448", "2.6266794826793842", "Rue m'barek  cherif el affroun", "", "", ""
234, 3260, "1", "Tablat", "1615", "9", "26052", "36.41153979932464", "3.311345768143091", "Cit", "", "", ""
235, 3261, "1", "Laghouat  'c'", "1616", "3", "3001", "33.79694204996344", "2.864418870849299", "Rue hadj ahmed bensalem laghouat", "", "", ""
236, 3262, "1", "Medea 'c'", "1617", "26", "26001", "36.26429821573136", "2.768575350013884", "Cit", "", "", ""
237, 3263, "2", "Aga  berrachoua.m", "1653", "9", "0", "36.57491135095016", "3.1579760637011223", "Hay 181 logts eplf-bt 05-n", "", "", ""
238, 3264, "2", "Aga  henniche.b", "1656", "17", "0", "35.4510194444444", "2.90709166666667", "Cit", "", "", ""
239, 3265, "2", "Aga  belhout.a", "1657", "42", "0", "36.646475824895724", "2.692942501323929", "Lot polyclinique n", "", "", ""
240, 3266, "2", "Aga  goudjil.r", "1658", "9", "0", "36.495721995430614", "2.853853427474349", "Cit", "", "", ""
241, 3267, "2", "Aga  skander.", "1659", "26", "0", "36.25885356957875", "2.7609100704430136", "25,rue 17 octobre, cit", "", "", ""
242, 3268, "2", "Aga immessaoudane", "1660", "26", "0", "36.26898739616233", "2.7617288732699", "Rue boumenir mouloud,ex route  d'alger,bachene,n", "025 78.02.51 - 78.02.51", "", ""
243, 3269, "1", "Miliana", "1701", "44", "44002", "36.3079302829357", "2.2289517507999386", "Rue de r", "", "", ""
244, 3270, "1", "Khemis  miliana", "1708", "44", "44004", "36.261028695972186", "2.2108371206761603", "Rue  chida ben youcef", "", "", ""
245, 3271, "1", "Teniet el had", "1710", "38", "0", "35.86855074253835", "2.0282713234883207", "Rue de l'ind", "", "", ""
246, 3272, "1", "Medea 'b'", "1804", "26", "26001", "36.26335096617165", "2.759498754784774", "Route  de laghouat", "", "", ""
247, 3273, "1", "Ain  boucif", "1805", "26", "26004", "35.88842015835701", "3.1484788136760242", "Cit", "", "", ""
248, 3274, "1", "Berrouaghia", "1806", "26", "26047", "36.132878855905275", "2.9156357110445263", "Cit", "", "", ""
249, 3275, "1", "Beni  slimane", "1807", "26", "26046", "36.22873077973894", "3.31025229032721", "Cit", "", "", ""
250, 3276, "1", "Ksar  el  boukhari", "1808", "26", "26035", "35.886590683994754", "2.7493655042962493", "Cit", "", "", ""
251, 3277, "1", "Birine", "1809", "17", "17008", "35.63303148450257", "3.2230802225689597", "Cit", "", "", ""
252, 3278, "1", "Hassi  bahbah", "1811", "17", "17004", "35.07672204422653", "3.026466886068221", "Route nationale bt 251 n", "", "", ""
253, 3279, "1", "Ain  oussara", "1812", "17", "17031", "35.45754693116453", "2.8974628170496937", "Cit", "", "", ""
254, 3280, "1", "El  oumaria", "1814", "26", "26007", "36.26456360790414", "3.0337857153082672", "Rue  taieb djorlali", "", "", ""
255, 3281, "1", "Aga  benilles.a", "1850", "26", "26001", "36.2616333333333", "2.75900833333333", "22 b, rue des frere kalache  (m", "", "", ""
256, 3282, "1", "Laghouat 'b'", "1902", "3", "3001", "33.80644959750449", "2.879768161764254", "Place  khemisi", "", "", ""
257, 3283, "1", "Djelfa", "1905", "17", "17001", "34.66494127168418", "3.255428733027351", "Rue  madjbara", "", "", ""
258, 3284, "1", "Messaad", "1906", "17", "17017", "34.15432727886541", "3.488395304512709", "Cit", "", "", ""
259, 3285, "1", "Es sedikia", "2101", "31", "31001", "35.714671", "-0.608582", "03, immeuble charles de foucault oran", "041 42 42 85 - 42.42.85", "", ""
260, 3286, "1", "El makari", "2102", "31", "31001", "35.699169", "-0.628913", "Avenue aspirant hammou mokhtar oran", "041.28.17.29 - 28.17.28", "", ""
261, 3287, "1", "Abbane ramdan", "2103", "31", "31001", "35.699030", "-0.60047", "Cite administrative zone usto bp 279 oran", "041 42 90 27 -  - ", "", ""
262, 3288, "1", "Larbi tebessi", "2104", "31", "31001", "35.703456", "-0.63765", "06 avenue larbi tebessi oran", "041 39.72.79 - 39.72.79", "", ""
263, 3289, "1", "Sid el hosni", "2105", "31", "31001", "35.691607", "-0.654589", "08 bd colonel lotfi oran", "041 36,50,28 - 36,50,28", "", ""
264, 3290, "1", "Adda benaouda", "2107", "31", "31001", "35.695898", "-0.639199", "Bd adda benaouda oran", "041 30 26 09  - 30-29-79", "", ""
265, 3291, "1", "Boutlelis", "2108", "31", "31024", "35.572421", "-0.9002", "Bd mohamed khemisti boutlelis oran", "041 49.61.07 - 49.61.07", "", ""
266, 3292, "1", "Ain el turk", "2109", "31", "0", "35.746256", "-0.772726", "01 rue du maghreb ain el turk oran", "041 44.92.47 - 44.92.47", "", ""
267, 3293, "1", "El othmania", "2110", "31", "31001", "35.667061", "-0.646635", "Cite 1080 logts bt 24 el othmania oran", "041 35.44.88 - 35.44.88", "", ""
268, 3294, "1", "Misserghine", "2111", "31", "0", "35.615331", "-0.736472", "Bd emir aek misreghine oran", "041 49.05.89 - 49.05.89", "", ""
269, 3295, "1", "Es senia", "2112", "31", "31005", "35.646973", "-0.647623", "Rue gherras benaouda es senia oran", "041 58.24.42 - 58.30,24", "", ""
270, 3296, "1", "Bir el djir", "2113", "31", "31003", "35.718632", "-0.568527", "Rue des freres bahi bouabdelah bir el djir oran", "041 27.34.46 - 27.34.46", "", ""
271, 3297, "1", "Hamou boutlelis", "2114", "31", "31001", "35.701143", "-0.64651", "03 rue hamou boutlelis oran", "041.29.25.86 - 29.25.86", "", ""
272, 3298, "1", "Sig", "2201", "29", "29026", "35.530818", "0.195746", "31 rue nekkab miloud sig mascara", "045 84.01.15 - 84.01.15", "", ""
273, 3299, "1", "Arzew", "2202", "31", "31006", "35.851606", "-0.311222", "Avenue f,fanon centre ville arzew oran", "041 47.71.21 - 47.76.70", "", ""
274, 3300, "1", "Motaganem a", "2203", "27", "27001", "35.931428", "0.104696", "Rue chekhaoui mohamed mostaganem", "045 33.10.55 - 33.10.55", "", ""
275, 3301, "1", "Mostaganem stes", "2205", "27", "27001", "35.930538", "0.083865", "25 evenue benaisa belgasem mostaganem", "045.21.20.94 - 21.54.86", "", ""
276, 3302, "1", "Sidi ali", "2207", "27", "27012", "36.103533", "0.4266", "Rue des vieux marche sidi ali mostaganem", "045 24.12.38 - 24.12.38", "", ""
277, 3303, "1", "Gdyel", "2210", "31", "31002", "35.776092", "-0.43316", "Bloc g1-g2 cite 212 logts gdyel oran", "040 22 79 27 - 041 48-27-07", "", ""
278, 3304, "1", "Mosta universite", "2211", "27", "27001", "35.925628", "0.110855", "Cite 152 logts universite mostagenem", "045 33.33.12 -  33.33.12", "", ""
279, 3305, "1", "Mostaganem c", "2212", "27", "27001", "35.931852", "0.105041", "17 avenue mohamed khemisti mostaganem", "045.21.30.85 - 21.30.85", "", ""
280, 3306, "2", "Aga  belach.m", "2157", "31", "31001", "35.68", "-0.67", "40,bd fares lahouari hai badr oran", "", "", ""
281, 3307, "2", "Aga  marouf.a", "2155", "31", "31001", "35.71", "-0.60", "Cit", "", "", ""
282, 3308, "2", "Aga kerrar.t", "2151", "31", "31005", "35.64", "-0.65", "Hai 52 villa,section 10,ilot 100 essenia oran", "", "", ""
283, 3309, "2", "Aga gafaiti", "2187", "31", "0", "35.69", "-0.65", "Hai el-yasmine, usto, r", "", "", ""
284, 3311, "2", "Aga  ikhlef.m", "2169", "31", "31001", "35.71", "-0.63", "4,rue mague passeti oran", "", "", ""
285, 3312, "2", "Aga  baghdad.m", "2180", "31", "31001", "35.72", "-0.59", "Hai khmisti, ilot 146 logts, bt h, local n", "", "", ""
286, 3313, "2", "Aga  benkeroum.l", "2177", "27", "27001", "35.92", "0.06", "Cite 54 lgts aprt c n", "", "", ""
287, 3314, "2", "Aga  benmaati.n", "2178", "31", "31001", "35.71", "-0.62", "17,rue bouzina bachir,hai el sedikia oran", "", "", ""
288, 3315, "2", "Aga  habibi.m", "2179", "31", "31003", "35.72", "-0.58", "06 cite emir abdelkader bir eldjir oran", "", "", ""
289, 3316, "2", "Aga  hadj ahmed.n", "2184", "31", "0", "35.67", "-0.54", "31 boulvard de saint remi sid el chahmi oran", "", "", ""
290, 3317, "2", "Aga  djellouli.l", "2183", "31", "0", "35.65", "-0.63", "N", "", "", ""
291, 3318, "2", "Aga  quiter.a", "2181", "31", "31001", "35.69", "0.61", "Cite grand terre bt a7 n", "", "", ""
292, 3319, "2", "Aga nadi nacer", "2188", "31", "0", "35.68", "-0.65", "08, rue rahoui kaddour, choupot, othmania, maraval, local n", "", "", ""
293, 3320, "2", "Aga  djellouli.m", "2185", "31", "0", "35.70", "-0.64", "N", "", "", ""
294, 3321, "2", "Aga  rebei.b.", "2189", "31", "0", "35.67", "-0.66", "22 rue des oliviers maraval oran", "", "", ""
295, 3323, "2", "Antenne   marouf.", "21551", "31", "0", "35.62", "-0.73", "Bd emir abdelkader, 11 cheikh bouamama, messereghine, oran", "", "", ""
296, 3324, "2", "Aga habouchi.m", "2191", "27", "0", "35.93", "0.11", "208 rue amara hamida cite djebli med mostaganem", "", "", ""
297, 3325, "2", "Aga  ayache.a", "2190", "31", "0", "35.818330", "-0.356782", "Gare routiere local n", "", "", ""
298, 3326, "1", "Debila", "3111", "39", "0", "33,5", "6,93", "Route nationale n", "032 20.82.16 - 20.82.16", "", ""
299, 3327, "1", "Guemmar", "3112", "39", "22001", "33,49 ", "6,79", "Route principale guemmar eloued", "032 20.12.13 - 20.12.13", "", ""
300, 3328, "1", "Djamaa", "3305", "39", "22001", "33,53", " 5,98", "Bp 38 djamaa eloued", "032 25.70.16 - 25.70.16", "", ""
301, 3329, "1", "El maghaier", "3104", "39", "22001", "33,95", " 5,93", "", "032 28.82.70 - 28.82.70", "", ""
302, 3330, "1", "El oued", "3107", "39", "22001", "33,35", " 6,85", "", "032 24.83.77 - 24.95 30", "", ""
303, 3331, "1", "Ghrdaia-a-", "1907", "47", "47001", "32.48", "3.69", "Sidi abaz bp 26 ghardaia", "029.82.03.89 - 029.82.03.89", "", ""
304, 3332, "1", "Berriane", "1909", "47", "13001", "32.82", "3.76", "Route nationale n", "029.84.54.01 - 029.84.54.01", "", ""
305, 3333, "1", "Ghrdaia-b-", "1916", "47", "47001", "32.48", "3.67", "Av  amir abdelkader ghardaia", "029.88.30.91 - 029.88.30.91", "", ""
306, 3334, "1", "El menea", "3311", "47", "15001", "30.58", "2.88", "Centre agricole  elmenea", "029 81.64.90 - 81.64.90", "", ""
307, 3335, "1", "Metlili", "3312", "47", "15001", "32.26", "3.62", "Bp 310 quartier administratif metlili", "029 82.41.20 - 82.41.20", "", ""
308, 3336, "1", "Guerrara", "1915", "47", "0", "32.78", "4.491", "Centre commercial guerrara ghardaia", "029.85.32.05 - 029.85.32.05", "", ""
309, 3337, "1", "Illizi", "3306", "33", "15002", "26", "8", "Bp 50 centre commerciale illizi", "029 42 20 20 - 42-16-71", "", ""
310, 3338, "1", "Djanet", "3307", "33", "0", "24.55", "9.48", "Bp 42 centre commerciale djanet illizi", "029.47 60 85 - 47 60 85", "", ""
311, 3339, "1", "Ain amenas", "3308", "33", "15040", "28.04", "9.58", "Centre commercial ain amenas illizi", "029.43 92 90 - 43 92 90", "", ""
312, 3340, "1", "Dr_ouargla", "33", "30", "15018", "31.96", "5.32", "", "", "", ""
313, 3341, "1", "Ouargla-a-", "3301", "30", "35028", "31.949", "5.328", "Souk essebt ouargla", "029 71.35.59 - 71.35.59", "", ""
314, 3342, "1", "Touggourt", "3302", "30", "35005", "33,1", "6,07", "Route eloued touggourt ouargla", "029 68 17 90 - 67-18-32", "", ""
315, 3343, "1", "Ouargla-b-", "3314", "30", "10001", "31.95", "5.33", "En face mosquee bouafia ouargla", "029 76.13.19 - 76.13.19", "", ""
316, 3344, "1", "Ouargla-c-", "3317", "30", "10001", "31.96", "5.32", "Bp 68 place 1", "029 76.59.58 - 76.59.58", "", ""
317, 3345, "1", "Hassi messaoud", "3304", "30", "10013", "30,41", "5,39", "Cite 300 logts hmd ouargla", "029 73-78-92 - 73-55-00", "", ""
318, 3346, "1", "Elhadjira", "3303", "30", "15038", "32,61", "5,51", "Route principale elhadjira ouargla", "029 61.25.17 -  61.25.17", "", ""
319, 3347, "2", "Aga chaouch morched", "3354", "30", "0", "33.36", "6.86", "Rue de tebbsa el oued", "032 10 95 54 - 10 95 54", "", ""
320, 3348, "1", "Antenne taleb larabi (bureau frontiere)", "31111", "30", "0", "33.726", "7.531", "Taleb larbi -el oued", "032 - 10 - 71 - 03", "", ""
321, 3349, "1", "Tamanrasset", "3309", "11", "15001", "22.79", "5.52", "Bp 162 centre commercial tamanrasset", "029 34.45.91 - 34.45.91", "", ""
322, 3350, "1", "In salah", "3310", "11", "15036", "27.2", "2.48", "Bp 156 centre commercial ain salah", "029 36.17.31 - 36.17.31", "", ""
323, 3351, "1", "Tenes", "1703", "2", "2002", "36.5110166666667", "1.30775277777778", "Rue, mahi henni tenes  chlef", "027 76.70.40 - 76.70.40", "", ""
324, 3352, "1", "Boukadir", "1706", "2", "0", "36.1164388888889", "1.22024444444444", "Centre commercial boukadir  chlef", "027 74.92.07 - 74.92.07", "", ""
325, 3353, "1", "Oued fodda", "1712", "2", "15001", "36.3184361111111", "1.88680555555556", "Rue,seddaki abdelkader oued fodda  chlef", "027 44.69.75 - 44,69,75", "", ""
326, 3354, "1", "Ain merane", "1715", "2", "15001", "36.1602111111111", "0.970988888888889", "Hai remaly  ain merane  chlef", "027 42.99.51 - 42.99.51", "", ""
327, 3355, "1", "Oued r'hiou", "1702", "48", "35005", "35.962189579689635", "0.9195168972400078", "Rue, tazghat djillali  oued r'hiou  relizane", "046 97.60.26 - 97.60.26", "", ""
328, 3356, "1", "Chlef 'b'", "1705", "2", "35015", "36.2864361111111", "1.56506666666667", "Rue, adjudant azzoune  chlef", "027 77.29.58 - 77.29.58", "", ""
329, 3357, "1", "El attaf", "1707", "44", "10038", "36.3816861111111", "2.12951666666667", "Route nationale n.4   el attaf  a", "027 63.24.02 - 63.24.02", "", ""
330, 3358, "1", "A", "1709", "44", "44001", "36.2631277777778", "1.95964722222222", "Rue, emir abdelkader  a", "027 60.29.82 - 60.29.82", "", ""
331, 3359, "1", "Chlef 'stes'", "1711", "2", "2001", "36.2889722222222", "1.57211944444444", "03, rue ibn rochd chlef", "027 77.35.04 - 77.35.04", "", ""
332, 3360, "1", "Tissemssilt", "1714", "38", "15018", "35.6027361111111", "1.79718333333333", "Cite des 100 logts route de tiaret   tissemssilt", "046 47.81.52 - 47.81.52", "", ""
333, 3361, "1", "Darazirar tayeb", "1750", "2", "15001", "36.5086", "1.30394166666667", "Rue des cousins koubili tenes   chlef", "027 76.90.06", "", ""
334, 3362, "1", "Mohammadia", "2206", "29", "15001", "35.5924527777778", "0.067475", "10,rue larbi ben m'hidi mohammadia  mascara", "045 87.73.16 - 87.73.16", "", ""
335, 3363, "1", "Bouguirat", "2208", "27", "35006", "35.7518777777778", "0.254369444444444", "Route principale bouguirat mostaganem", "045 22.40.90 - 22.40.90", "", ""
336, 3364, "1", "Ain tedles", "2209", "27", "0", "35.99886300001382", "0.29070965339047006", "Route de l_hopital ain tedles  mostaganem", "045 22.60.91 - 22.60.91", "", ""
337, 3365, "1", "Kreir    kouider", "2252", "29", "16029", "35.5932694444444", "0.068675", "02 cite mimoni l'ahcen mohammadia - mascara", "045 89.95.48", "", ""
338, 3366, "1", "Relizane", "2301", "48", "48001", "35.741825", "0.55225", "Rue touahria  abdelkader relizane", "046 92.76.97 - 92.76.97", "", ""
339, 3367, "1", "Tighenif", "2303", "29", "0", "35.4133638888889", "0.322083333333333", "Boulevard des martyrs route de mascara", "045 88.94.82 - 88.94.82", "", ""
340, 3368, "1", "Tiaret 'a'", "2304", "14", "14001", "35.3603972222222", "1.330325", "Cite des 2oo logts route de sougueur  tiaret", "046 42.17.30 - 42.40.78", "", ""
341, 3369, "1", "Frenda", "2306", "14", "14027", "35.0643444444444", "1.04198055555556", "95,boulevard  des martyrs  frenda tiaret", "046 40.65.75 - 40.71.47", "", ""
342, 3370, "1", "Mascara", "2307", "29", "29001", "35.4005972222222", "0.146977777777778", "Cite faubourg sidi mouffok  mascara", "045 81.29.29 - 81.29.29", "", ""
343, 3371, "1", "Sougueur", "2309", "14", "14016", "35.18605", "1.50173055555556", "Boulevard si abdelghani sougueur tiaret", "046 43.99.73 - 43.99.73", "", ""
344, 3372, "1", "Mazouna", "2310", "48", "48022", "36.1247194444444", "0.880491666666667", "Mitoyenne a la salle omni sport relizane", "046 94.95.84 - 94.95.84", "", ""
345, 3373, "1", "Mahdia", "2311", "14", "14015", "35.428775", "1.75271388888889", "Rue emir abdelkader mahdia  tiaret", "046 46.39.54 - 46.39.54", "", ""
346, 3374, "1", "Zemmoura", "2312", "48", "0", "35.7178861111111", "0.755116666666667", "Boulevard ibn badis zemmoura-relizane", "046 96-38-88 - 96-38-88", "", ""
347, 3375, "1", "Ghriss", "2314", "29", "29012", "35.2509833333333", "0.155008333333333", "Cite des 70 logts   ghris  mascara", "045 81.96.36 - 81.96.36", "", ""
348, 3376, "1", "Tiaret 'b'", "2315", "14", "14001", "35.3745166666667", "1.31571111111111", "07, rue de la liberation  tiaret", "046 41.57.70 - 41.57.70", "", ""
349, 3377, "1", "Ksar chellala", "2316", "14", "14029", "35.2190611111111", "2.31828611111111", "Cite des 70 logts ksar chellala   tiaret", "046 46.80.03 - 46.80.03", "", ""
350, 3378, "2", "Ouazzane m_hamed", "2350", "48", "48001", "35.7451805555556", "0.562041666666667", "Rue hadj abed atika     relizane", "046 92.42.79 - 92.42.79", "", ""
351, 3379, "2", "Chehda   abdelkader", "2351", "48", "48001", "35.7420194444444", "0.552769444444445", "Rue sidi abed prolonge  relizane", "046 92.29.82 - 92.29.82", "", ""
352, 3380, "2", "Khiri abdenour", "2353", "2", "0", "36.1620638888889", "1.33365277777778", "N", "027 77-90-08", "", ""
353, 3381, "2", "Belhadji mohamed", "2354", "27", "0", "35.995085893790346", "0.29325700282494355", "Cite emir abdelkader, ain tedles, mostaganem", "045 22-60-48 - 22-60-48", "", ""
354, 3382, "2", "Benali m'hamed", "2355", "48", "0", "35.7175222222222", "0.755994444444444", "Rue ben badis n", "046 96 30 48 - 96 30 48", "", ""
355, 3383, "2", "Ouazzane seddik", "2356", "48", "0", "35.9575611111111", "0.909688888888889", "", "046 95 10 26 - 95 10 26", "", ""
356, 3384, "1", "Amizour", "3207", "0", "6002", "36.6456207", "4.9068338", "Cite adjeroud amizour bejaia", "034 24.04.40 - 24.97.49", "", ""
357, 3385, "1", "Aokas", "3210", "0", "6022", "36.6334079", "5.2422266", "Place du marche bp74 aokas bejaia", "034 23.29.62 - 23.29.62", "", ""
358, 3386, "1", "Akbou", "3204", "0", "6025", "36.457773", "4.526116", "Cite des 100 logts  akbou bejaia", "", "", ""
359, 3387, "1", "Sedouk", "3208", "0", "6026", "36.549307", "4.687866", "Bp 155 seddouk centre seddouk bejaia", "034 19-02-18 - 32-35-63", "", ""
360, 3388, "1", "Tazmelt", "3209", "0", "6027", "36.3830371", "4.4024431", "Cite des 60 logts tazmalt bejaia", "034 31 36 04 - 31-35-87", "", ""
361, 3389, "1", "Sidi aich", "3203", "0", "6039", "36.608852", "4.681917", "Route nationale 26 sidi aiche bejaia", "", "", ""
362, 3390, "1", "El kseur", "3212", "0", "6040", "36.679558", "4.8525486", "Rue tahar amirouche el kseur bejaia", "034 25.29.33 - 25.29.33", "", ""
363, 3391, "1", "Kherrata", "3205", "0", "6044", "36.488190", "5.279454", "Centre commercial kherrata bejaia", "", "", ""
364, 3392, "2", "Aga mekki", "2951", "28", "16010", "35.6146111111111", "5.09747222222222", "Cit", "035 59.22.42 - 59.22.42", "", ""
365, 3393, "1", "S", "2801", "0", "19001", "36,1903135", "5,4217067 ", "Avenue port said  s", "", "", ""
366, 3394, "1", "El eulma", "2803", "0", "19020", "36.151940", "5.686148", "Rue said ayad el eulma s", "", "", ""
367, 3395, "1", "S", "2805", "0", "19001", "36.1903135", "5.4217067", "Avenue port said  s", "", "", ""
368, 3396, "1", "Bougaa", "2806", "0", "19043", "36.336433", "5.089703", "Cite des 150 logts bougaa s", "", "", ""
369, 3397, "1", "Bba", "2807", "34", "34001", "36.071885", "4.766005", "10 rue du 8 mars bba", "", "", ""
370, 3398, "1", "M'sila", "2808", "28", "0", "35.717794", "4.545675", "Rue de bba bp 204 m'sila", "", "", ""
371, 3399, "1", "Ain azel", "2809", "0", "0", "35.817517", "5.5119922", "Boulevard ben boulaid ain azel s", "", "", ""
372, 3400, "1", "Ain el kebira", "2810", "0", "19002", "36.364232", "5.501901", "Cite des 100 logts  ain el kebira s", "", "", ""
373, 3401, "1", "Ras el oued", "2811", "34", "34002", "35.947918", "5.036357", "Cite des 100 logts  ras el oued bba", "", "", ""
374, 3402, "1", "S", "2812", "0", "19001", "36.188701", "5.407821", "15 rue colonel amirouche s", "", "", ""
375, 3403, "1", "Ain oulmene", "2813", "0", "19028", "35.925313", "5.293278", "Cite des 100 logts  ain oulmane s", "", "", ""
376, 3404, "1", "Bouandas", "2814", "0", "19030", "36.494702", "5.102741", "Rue moustache hocine bouandas s", "", "", ""
377, 3405, "1", "Beni ourthilene", "2817", "0", "0", "36.442143", "4.854863", "Beni ourtilane centre beni ourtilane s", "", "", ""
378, 3406, "1", "Hammam dalaa", "2818", "28", "0", "35.925014", "4.379206", "Hammam delaa bp 164 hammam delaa m'sila", "", "", ""
379, 3407, "1", "Selmane", "2819", "28", "0", "35.688988", "4.779472", "Centre selmaneo deradj selmaneo deradj m'sila", "", "", ""
380, 3408, "1", "S", "2820", "0", "19001", "36.193588", "5.437065", "Bloc scolairecit", "", "", ""
381, 3409, "1", "B", "2822", "0", "0", "36.753268", "5.086385", "Rue youcef boussebah bejaia", "034.21.03.24", "", ""
382, 3410, "2", "Aga zemouli", "2854", "0", "19001", "36.187519", "5.403223", "97 rue bakhouche cherif bd chikh laifa s", "", "", ""
383, 3411, "2", "Aga benaissa", "2855", "28", "0", "35.704709", "4.533353", "Rue chennouf belkacem  m'sila", "", "", ""
384, 3412, "2", "Aga abed", "2857", "0", "0", "35.828230", "5.507381", "Rue  daoud  salah  ain azel s", "", "", ""
385, 3413, "2", "Aga taleb", "2859", "0", "19001", "36.189931", "5.424372", "Cite rebbouh 150 logements bt d  s", "", "", ""
386, 3414, "2", "Aga hamdi cherif", "2861", "0", "19028", "35.928426", "5.294014", "Rue  kanouni   ain oulmene s", "", "", ""
387, 3415, "2", "Aga deffar", "2864", "0", "19001", "36.193226", "5.429211", "234 rue, aouri derradji, cite 1 nouvembre  1954 s", "", "", ""
388, 3416, "2", "Agataibi", "2865", "0", "6001", "36.73234", "5.05328", "Rue des aures n 27 bejaia", "", "", ""
389, 3417, "2", "Aga mattem", "2866", "0", "19001", "36.178712", "5.408644", "Boulevard du 20 aout 1955 s", "", "", ""
390, 3418, "2", "Aga ghanem", "2867", "0", "6040", "36.680103", "4.854035", "11 rue oukhmamou arezki el kseur bejaia", "", "", ""
391, 3419, "2", "Aga zerguine", "2868", "0", "19001", "36.201807", "5.419336", "Promotion chabane salah villa n", "", "", ""
392, 3420, "2", "Aga boudraa", "2869", "0", "6001", "36.751541", "5.047880", "Route de l'universit", "", "", ""
393, 3421, "2", "Aga yahiaoui", "2870", "0", "6001", "36.754296", "5.062073", "Lotissement  bouali n", "", "", ""
394, 3422, "2", "Aga tamart rezak", "2871", "0", "6025", "36.456673", "4.540294", "Rue fg hadad face a la gare akbou bejaia", "", "", ""
395, 3423, "2", "Aga barkat", "2872", "0", "6008", "36.627668", "5.328844", "Cite 70 lsp lot touahria bt b souk el tenine bejaia", "", "", ""
396, 3424, "2", "Aga mazouz", "2873", "0", "6020", "36.563023", "5.305944", "Cite lota ouzemour rn n9 darguina  bejaia", "", "", ""
397, 3425, "2", "Aga mechemeche", "2874", "0", "0", "36.382675", "4.402022", "Cite 18 logt b'a' n - 2 tazmalt bejaia", "", "", ""
398, 3426, "2", "Aga mamasse", "2876", "0", "0", "36.751868", "5.062366", "Rue 48 logts bt n 06 bejaia", "", "", ""
399, 3427, "2", "Aga benchaaben", "2878", "0", "0", "36.7315", "5.05234", "Rue krim belkacem bejaia", "", "", ""
400, 3428, "2", "Aga zaidi", "2879", "0", "0", "36.648514", "4.903441", "En face cite 154 logts amizour bejaia", "", "", ""
401, 3429, "2", "Aga bouaoud", "2880", "0", "0", "36.189206", "5.415348", "Rue saoula lakhedar n", "", "", ""
402, 3430, "2", "Aga makhloufi", "2881", "0", "0", "35.919954", "5.296837", "Angle de la rue hamdi cherif abdallah ain oulmene w.s", "036 56 33 25 - 56 33 25", "", ""
403, 3431, "2", "Aga tamart salim", "2882", "0", "0", "36.610869", "4.693563", "Cite 150 logements bt d n 109 naceria sidi aich bejaja", "034 86 07 73", "", ""
404, 3432, "2", "Aga tahar zahir", "2883", "0", "0", "36.74910", "5.06592", "Cite tobbal 96 logemets bt a 6 n", "", "", ""
405, 3433, "1", "Boussada", "3110", "28", "0", "35.212709", "4.177741", "Rue de l'ancien hopital bousaada m'sila", "", "", ""
406, 3434, "1", "B", "3201", "0", "6001", "36.7512579", "5.0819968", "06 rue ahmed ougana bejaia", "", "", ""
407, 3435, "1", "B", "3202", "0", "6001", "36.751588", "5.070297", "01 rue de la liberte bejaia", "", "", ""
408, 3436, "2", "Aga laouche", "3251", "0", "6001", "36.751509", "5.046662", "Route de l'universite bejaia", "034 21.49.05", "", ""
409, 3437, "2", "Aga bettane", "3253", "0", "6039", "36.61099", "4.694239", "Rue da la gare sidi aich bejaia", "034 29.15.29 - 29.15.29", "", ""
410, 3438, "2", "Aga zerari", "3257", "0", "6001", "36.750742", "5.055366", "03 bd krim belkasim  amriw bejaia", "034 20-34-77 - 20-34-77", "", ""
411, 3439, "2", "Aga ghoule", "3258", "0", "6001", "36.749792", "5.055760", "Quartier seghir bloc des 21 logements bejaia", "034 20.50.62 - 20.50.62", "", ""
412, 3440, "1", "Antenne ain el melh", "22002", "28", "0", "34.844789", "4.161562", "Centre commercial ain almelh bousaada m'sila", "", "", ""
413, 3441, "0", "Antenne beni maouche", "32081", "0", "0", "36.510667", "4.769625", "Beni maouche centre bejaja", "034 89 03 56", "", ""
414, 3442, "2", "Aga mahlia r.", "2557", "46", "46023", "35.299929", "-1.378649", "N", "043 69 45 88", "", ""
415, 3443, "1", "Hammam bou hadjar", "2403", "46", "0", "35.380047", "-0.971425", "80, bd larbi ben m'hidi  h.b.h  a.temouchent", "043 27 20 72", "", ""
416, 3444, "1", "Ain temouchent 'a'", "2404", "46", "46001", "35.293313", "-1.140105", "70, rue du 1er novembre ain temouchent", "43404754", "", ""
417, 3445, "2", "Ain temouchent 'b'", "2412", "46", "46001", "35.293216", "-1.139339", "12, rue pasteur  ain temouchent", "043 60.98.98 - 60.98.98", "", ""
418, 3446, "2", "Aga hadj kaddou habib", "2458", "46", "46001", "35.305367", "-1.136294", "215 cite berrouane  ain temouchent", "043 78 16 57 - 78 16 56", "", ""
419, 3447, "1", "El bayadh", "2401", "32", "32001", "33.680856", "1.012811", "Rue bey boukobza  el bayadh", "049 71.42.28 - 71.06.60", "", ""
420, 3448, "1", "Bougtob", "2414", "32", "0", "34.038862", "0.086039", "Rue de la mairie bougtob  el bayadh", "049 72.41.45 - 72.41.45", "", ""
421, 3449, "1", "Saida", "2402", "20", "20001", "34.828631", "0.149953", "Rue youb abdelkader   saida", "048 51.80.77 - 51.80.77", "", ""
422, 3450, "2", "Rebahia", "2413", "20", "0", "34.881496", "0.153982", "Cite des 70 logts , rebahia    saida", "048 52.00.43 - 52.00.43", "", ""
423, 3451, "1", "Sidi bel abbes 'a'", "2405", "22", "22001", "35.191843", "-0.634221", "09, rue cheikh larbi  tebessi  sidi bel abbes", "048.54.42.25 - 54.42.25", "", ""
424, 3452, "2", "Sidi bel abbes 'b'", "2406", "22", "0", "35.192046", "-0.621426", "Bd abbane ramdane   sidi bel abbes", "048 56 89 68 - 56.89.68", "", ""
425, 3454, "2", "Ben badis", "2408", "22", "22045", "34.951959", "-0.914534", "Route de tabia ,ben badis  sidi bel abbes", "048 53.64.88 - 53.64.88", "", ""
426, 3455, "2", "Sfisef", "2411", "22", "0", "35.232180", "-0.243139", "Rue cdt mejdoub, sfisef  sidi bel abbes", "048 59 55 60 - 59-66-50", "", ""
427, 3456, "2", "Aga merbouh", "2451", "22", "22001", "35.1902611111111", "0.634880555555556", "N", "048 54.61.20 - 54.61.20", "", ""
428, 3457, "2", "Aga kacha", "2453", "22", "22001", "35.211997", "-0.628932", "Cite 366 logts ecobat bt c9 bloc 3 sidi djilali sba", "048 65 80 07 -  65 80 07", "", ""
429, 3458, "2", "Aga hakkou", "2454", "22", "22001", "35.18815", "0.643758333333333", "N", "048 54 28 23 - 54 28 24", "", ""
430, 3459, "2", "Aga yahi", "2455", "22", "22001", "35.183027", "-0.627517", "N", "048 55 22 96 - 55 22 96", "", ""
431, 3460, "2", "Aga amrane .kaddour", "2456", "22", "22001", "35.1854111111111", "0.638586111111111", "20 bd des amranas sidi bel abbes", "048 65 20 33 - 65 20 33", "", ""
432, 3461, "1", "Tlemcen b", "2503", "13", "13001", "34.882293", " -1.316257", "All", "043 20.11.82 - 20.11.82", "", ""
433, 3462, "1", "Kiffane", "2513", "13", "13001", "34.887060", "-1.327905", "Boulevard ain- sebaa kiffane- tlemcen", "043 20.12.47 - 20.83.34", "", ""
434, 3463, "2", "Aga  benyahia.h.", "2555", "13", "13001", "34.883077", "1.343172", "Cit", "043 21-11-90 - ", "", ""
435, 3464, "2", "Aga  benmokhtar.a", "2552", "13", "13001", "34.879356", "-1.342421", "N", "043 21-24-56 - 21-23-07", "", ""
436, 3465, "2", "Aga  ghennane.a.", "2556", "13", "13001", "34.889480", "-1.338843", "03,cit", "043 22 21 83 - 22 21 83", "", ""
437, 3466, "1", "Remchi", "2509", "13", "13004", "35.063261", "-1.430099", "Rue larbi ben m'hidi - remchi - tlemcen", "043 24.04.95 - 24 94 90", "", ""
438, 3467, "1", "Tlemcen a", "2502", "13", "13001", "34.883407", "-1.311450", "05, rue belhadji boucif - tlemcen", "043 26.49.78 - 26.27.69", "", ""
439, 3468, "2", "Aga zetam.d.", "2554", "13", "13001", "34.881851", " -1.302272", "Cit", "043 26-65-13 - 26-65-13", "", ""
440, 3469, "2", "Aga  chergui.s", "2553", "13", "13026", "34.943521", "-1.364274", "05 rue nedroma - hennaya - tlemcen", "043 27-96-52 - 44-63-02", "", ""
441, 3470, "1", "Maghnia", "2505", "13", "13027", "34.845499", "-1.723822", "Rue du 26 novembre maghnia - tlemcen", "043 31.62.08 - 31.33.89", "", ""
442, 3471, "1", "Ghazaouet", "2504", "13", "13007", "35.099349", "-1.857627", "Faubourg sidi amar bp. n", "043 32.34.21 - 32.34.21", "", ""
443, 3472, "1", "Sebdou", "2508", "13", "13035", "34.640393", "-1.329249", "Avenue du 1er novembre - sebdou - tlemcen", "043 34.34.03 - 34.54.41", "", ""
444, 3473, "1", "Nedroma", "2518", "13", "13040", "35.008891", "-1.752805", "Cit", "043 35.69.05 - 35.69.04", "", ""
445, 3474, "1", "Benisaf", "2506", "13", "46023", "35.304361", " -1.381168", "Rue de l'hopital - beni saf - ain temouchent", "043 64.54.25 - 64.52.11", "", ""
446, 3475, "0", "Siege dr", "25", "13", "13001", "34.887219", "1.327913", "Bd, ain sebaa ali kiffane - tlemcen", "043.20.77.80 - 16.69 - 40.67", "", ""
447, 3476, "2", "Aga mezouar g.", "2558", "13", "13001", "34.891937", "-1.323501", "Hai zitoune, section 87, local b, commune de tlemcen, daira de tlemcen, wilaya de tlemcen", "043 27 20 72", "", ""
448, 3477, "2", "Annexe aga benmokhtar", "25521", "13", "13001", "34.915786", "-1.291441", "N", "43404754", "", ""
449, 3478, "2", "Aga semcha", "2875", "0", "19043", "36.3332228", "5.08844", "Cite des fonctionnaires bougaa", "", "", ""
450, 3479, "1", "Tizi-ouzou 'a'", "2001", "15", "15001", "36,7005941011098", "4,04192440006363", "Rue des freres belhadj bp 36 nouvelle- ville  tizi ouzou", "026 41.02.12 - 41.02.12", "", ""
451, 3480, "1", "Tizi-ouzou", "2002", "15", "15001", "36,7026297978493", "4,05389271736443", "Cite 406 logts bt 28 cosider, krim belkacem tizi ouzou", "026 22-47-97 - 22-47-97", "", ""
452, 3481, "1", "L n.irathen", "2003", "15", "0", "36,6352996907229", "4,20567936386232", "Avenue abane ramdane  larbaa nath irathen  tizi ouzou", "026 26.14.43 - 26.14.43", "", ""
453, 3482, "1", "A.e.hammam", "2004", "15", "15002", "36,57092195778", "4,30940744786308", "Rue colonel amirouche bp 27 ain el hammam   tizi ouzou", "026 26.90.52 - 26.90.52", "", ""
454, 3483, "1", "D.e.mizan", "2005", "15", "15010", "36,5367516929662", "3,83374435811008", "Route de boghni  draa el mizan   tizi ouzou", "026 23.37.08 -  23.41.04", "", ""
455, 3484, "1", "Boghni", "2006", "15", "15040", "36,5437638494416", "3,95082625563529", "Cite des 18 logts bp 180 boghni   tizi ouzou", "026 28.34.30 - 28.34.30", "", ""
456, 3485, "1", "Azazga", "2007", "15", "15018", "36,7484501335174", "4,35447449194686", "Rue colonel amirouche azazga  tizi ouzou", "026.34.28.61 - 34.13.57", "", ""
457, 3486, "1", "Dellys", "2008", "35", "35028", "36,9172959231749", "3,89383975505448", "Cite des 92 logts les jardins dellys  boumerdes", "024 89.30.74 - 89.30.74", "", ""
458, 3487, "1", "B. menaiel 'a'", "2009", "35", "35005", "36,7501719425931", "3,72193603987649", "Cite des 250 logts bousbaa  boumerdes", "024 88.50.54 - 88.50.54", "", ""
459, 3488, "1", "Bouira 'a'", "2010", "0", "0", "36,3868900835804", "3,90016259068157", "Rue amirouche mouloud    bouira", "026 94 83 20 - 94.21 61", "", ""
460, 3489, "1", "Bouira'b'", "2011", "10", "10001", "36,3842266310347", "3,89400647434717", "Cite des 56 logts stade bourouba    bouira", "026 94.46.55 - 94.26.34", "", ""
461, 3490, "1", "Lakhdaria", "2012", "10", "10001", "36,5647455535505", "3,59575453021678", "Rue du commandant si lakhdar lakhdaria  bouira", "026 90.11.80 - 90.11.80", "", ""
462, 3491, "1", "Tigzirt", "2013", "15", "15038", "36,8915501757683", "4,12569739786139", "Cite des 120 logts bt j n", "026 25.81.02 - 25.81.02", "", ""
463, 3492, "1", "Isser", "2014", "35", "35010", "36,7252521977444", "3,66893024189438", "Cite des 104 logts isser   boumerdes", "024 88.20.06 - 88.12.52", "", ""
464, 3493, "1", "M'chedellah", "2015", "10", "10001", "36,3793022091721", "4,26860974016543", "Rue colonel si lahlou m'chedellah  bouira", "026 95.42.65 - 95.42.65", "", ""
465, 3494, "1", "Tizi-ouzou 'b'", "2016", "15", "15001", "36,7150108889417", "4,04575661121215", "Place babouche said  tizi ouzou", "026 22.13.65 - 22.13.65", "", ""
466, 3495, "1", "Ouadhias", "2017", "15", "15036", "36,5524744700741", "4,07608418917058", "Cite des 104 logts ouadhia  tizi ouzou", "026 32.46.71 - 32.46.71", "", ""
467, 3496, "1", "Ouacif", "2018", "15", "15048", "36,5265883297104", "4,2071325681259", "Place du marche ouacif  tizi ouzou", "026 33.02.80 - 33.02.80", "", ""
468, 3497, "1", "Bouzeguene", "2019", "15", "15001", "36,617097991803", "4,47718909984302", "Bouzeguene centre   tizi ouzou", "026 34 04 90 - 34.04.90", "", ""
469, 3498, "1", "Azeffoun", "2020", "15", "0", "36,8913660747363", "4,42124701825178", "Rue capitaine si abdellah azeffoun", "026 25.05.17 - 25.05.17", "", ""
470, 3499, "1", "Mekla", "2021", "15", "15050", "36,6867440825769", "4,26720625014072", "Mekla centre", "026 30.37.59 - 30.37.59", "", ""
471, 3500, "1", "B. menaiel 'b'", "2023", "35", "35005", "36,7435253739145", "3,7145699846374", "2 avenue de la gare bordj menaiel", "024 88-54-19 - 88 68 13", "", ""
472, 3501, "1", "Kadiria", "2024", "10", "10005", "36,5333231150647", "3,68293905131815", "Cite des 110 logts bt c5 n", "026 90 05 00 - 90 05 00", "", ""
473, 3502, "1", "Thenia", "1206", "35", "35015", "36,5397510164089", "3,68187406310324", "Cite 20 aout bt n", "024 83.39.48 - 83.39.48", "", ""
474, 3503, "1", "Ain bessam", "1801", "10", "10035", "36,5722524296805", "3,59123673881399", "Rue commandant si lakhdar ain bessam", "026 97.42.78 - 97.42.78", "", ""
475, 3504, "1", "S.e.ghozlane", "1802", "10", "10038", "36,7501320755673", "3,19358839772019", "32,rue mazari lakhdar sour el ghozlan", "026 96-84-95 - 96-84-95", "", ""
476, 3505, "1", "Antenne larbaa nath irathen", "20031", "15", "0", "36.7114646944444", "4.05256438888889", "Avenue abane ramdane  larbaa nath irathen  tizi ouzou", "", "", ""
477, 3506, "1", "Antenne ain el hammam", "20041", "15", "15002", "36.5774748888889", "4.29789580555556", "Cite 146 logements akkar , ain el hammam tizi ouzou", "", "", ""
478, 3507, "2", "A.g a.  boumrah", "2054", "15", "15001", "36,6989387736709", "4,05163374490549", "Rue des freres beggaz nouvelle ville  tizi ouzou", "026 21.66.91 - 21.66.91", "", ""
479, 3508, "2", "A.g.a.   sairi", "2056", "15", "15018", "36,7473349127206", "4,36580206992252", "Bd  ahmed zaidat azazga", "026 34.50.70 - 34.19.75", "", ""
480, 3509, "2", "A.g.a.  yesli", "2059", "15", "15001", "36,7086031834639", "4,03490620218614", "Bd stiti  ali  tizi ouzou", "026 20 03 29  - 21.35.07", "", ""
481, 3510, "2", "A.g.a.  chikh", "2060", "15", "15001", "36,714225074024", "4,04005959069211", "Cite 186 logts eplf bt g n", "026 20 19 49  - 22 64 18", "", ""
482, 3511, "2", "A.g.a.  kitous brahim", "2061", "15", "15001", "36,7022897626829", "4,04984459265842", "22, rue des freres bouzidi tizi ouzou", "026 20 31 45 - 41-01-18", "", ""
483, 3512, "2", "A.g.a.   azem", "2062", "15", "15001", "36.7156028055556", "4.04080711111111", "Cooperative kabylia tours villa  tizi ouzou", "026.22.48.55 - 22.48.55", "", ""
484, 3513, "2", "A.g.a.   bouderbala med said", "2065", "15", "35006", "36,8184602027157", "3,85977271443674", "Rue aibda said baghlia boumerdes", "024 89-02-71 - 89 02 71", "", ""
485, 3514, "2", "A.g.a.   kecili smail", "2066", "15", "15018", "36,7529541972708", "4,37185327365065", "Cite lsp tour n", "026 34 39 74 - 026 34 39 74", "", ""
486, 3515, "2", "A.g.a.   ouadi achour", "2067", "15", "15018", "36,7465905397749", "4,36354235354169", "Bd zaidat tizi bouchen n", "026 34 46 68 - 34 46 68", "", ""
487, 3516, "2", "A.g.a.   mancer lila", "2068", "15", "0", "36,7120501050906", "4,05913579263215", "Rue des freres ben safia n", "026 22-94-35 - 22-94-35", "", ""
488, 3517, "2", "A.g.a.   sahnouni samir", "2069", "15", "0", "36,7040849336492", "4,04345898422593", "Quartier a, bp veuve amirouche, cooperative tiguemi,  local n", "026 21-71-20 - 21-71-20", "", ""
489, 3518, "2", "A.g.a.   belmokhtar djamel", "2070", "35", "35010", "36,7272732541953", "3,66537524004815", "Rue de l'ecole nait ali ramdane (rue du stade) commune isser daira isser boumerdes", "024 88-29-36 - 88-29-36", "", ""
490, 3519, "2", "A.g.a.   kaci hamid", "2071", "15", "0", "36,6230019054436", "4,47547885540086", "Village ihhatoussen local n", "026 34 05 86 - 34 05 86", "", ""
491, 3520, "2", "A.g.a.  soltani", "2072", "15", "0", "36,7275974489762", "4,097272441778", "Immeuble ouedfel timizart loughbar tizi ouzou", "026 11-38-95 - 11-38-95", "", ""
492, 3521, "2", "A.g.a. sadour", "2074", "15", "15018", "36,7467059278435", "4,3636154336829", "Bd zaidat immeuble  allab n", "026 34-10-46 - 34-10-46", "", ""
493, 3522, "2", "A.g.a. belkacemi", "2075", "15", "0", "36,584422810426", "4,43279016659897", "Tabouda centre illoula bouzeguene  tizi ouzou", "026 36,33,28 - 36,33,28", "", ""
494, 3523, "2", "A.g.a. belmouhoub", "2076", "15", "0", "36,5363373579115", "4,36964226490775", "Route tizi ouirene vers ifarhounene centre", "026 26 83 03 - 26 83 03", "", ""
495, 3524, "2", "A.g.a.   badaoui  djamila", "2077", "10", "10038", "36,7304363480642", "3,96420572813299", "Cite 400 logts bt l n", "", "", ""
496, 3525, "2", "A.g.a.  betouche  samia", "2078", "15", "15001", "36,7026390499653", "4,06295893458613", "Bd krim belkacem imm makhlouf n.ville  tizi ouzou", "", "", ""
497, 3526, "2", "A.g.a.  allouche  hassiba", "2079", "15", "15022", "36,6817343952005", "4,20740495563445", "Tizi rached centre n", "(026) 31 96 94", "", ""
498, 3527, "2", "A.g.a.  touzout rabah", "2080", "35", "35015", "36.7245506111111", "3.55770519444444", "Rue benai amar, local n", "(024) 96 66 64", "", ""
499, 3528, "2", "Antenne boumrah dbk", "13001", "15", "15047", "36,6989387736709", "4,05163374490549", "Rue melekchi lounis draa ben khedda", "", "", ""
500, 3529, "2", "Antenne boumrah boghni", "13002", "15", "15040", "36,6989387736709", "4,05163374490549", "Rue des freres bataren boghni", "", "", ""
501, 3530, "2", "Antenne boumrah tigzirt", "13003", "15", "15038", "36,6989387736709", "4,05163374490549", "Rue chalal ali tigzirt sur mer", "", "", ""
502, 3531, "2", "Antenne sairi freha", "13004", "15", "15018", "36,7473349127206", "4,36580206992252", "Bd  ahmed zaidat azazga", "", "", ""
503, 3532, "2", "Antenne yesli krim belkacem", "13005", "15", "15001", "36,7086031834639", "4,03490620218614", "Immeuble bekkar, bd krim belkacem  nouvelle ville  tizi ouzou", "", "", ""
504, 3533, "2", "A.g.a.  chikh mekla", "13006", "15", "15050", "36,714225074024", "4,04005959069211", "Mekla centre", "", "", ""
505, 3534, "2", "A.g.a.  chikh ouaguenoun", "13007", "15", "15024", "36,714225074024", "4,04005959069211", "Ouaguenoun centre", "", "", ""
506, 3535, "2", "A.g.a.  chikh bouira", "13008", "10", "10001", "36,714225074024", "4,04005959069211", "Cite 98 logts n", "", "", ""
507, 3536, "2", "Antenne ould ali", "20521", "15", "15002", "36,7086031834639", "4,03490620218614", "Rue colonel amirouche bp 01 ain el hammam   tizi ouzou", "", "", ""
508, 3537, "2", "Antenne yesli maatkas", "20592", "15", "0", "36.6194358055556", "3.95723738888889", "Maatkas tizi ouzou", "", "", ""
509, 3538, "1", "22 didouche", "1103", "16", "16001", "36.770192", "3.055121", "22,rue didouche mourad-alger", "021 63 33 02 - 021 63 46 71", "", ""
510, 3539, "1", "117 didouche", "1104", "16", "16001", "36.763496", "3.047713", "117,rue didouche mourad-alger", "021 64 70 06", "", ""
511, 3540, "1", "Baba hacene", "1329", "16", "16055", "36.697526", "2.969661", "Cite 08 mai 1945-baba hassen-alger", "023 35 35 22", "", ""
512, 3541, "1", "Hydra", "1401", "16", "16028", "36.741220", "3.036907", "Cite sellier bt 09-hydra-alger", "021 60 24 48", "", ""
513, 3542, "1", "Pilote el biar", "1402", "16", "16022", "36.7665100", "3.0175040", "12,route de ben aknoun-ch", "021 92 65 09  - 33 52", "", ""
514, 3543, "1", "Staouali", "1403", "16", "0", "36.749631", "2.887859", "24,place gasmi ali,staouali-alger", "023 39 12 91 - 93", "", ""
515, 3544, "1", "Ain benian", "1404", "16", "16044", "36.8035086", "2.916182499999991", "67,colonel si m'hemed -ain benian-alger", "023 10 37 37", "", ""
516, 3545, "1", "Ain allah", "1408", "16", "16044", "36.7405", "3.0096", "Cite ain allah-bt205b-dely brahim-alger", "021 91 93 92 - 70 41", "", ""
517, 3546, "1", "Cheraga", "1409", "16", "16050", "36.757969", "2.964301", "Route delly brahim -cheraga-alger", "021 34 20 50  - 25 00", "", ""
518, 3547, "1", "Zeralda", "1410", "16", "16046", "36.713593", "2.844153", "Cite 28 logts bt 10-zeralda-alger", "021 32 53 33", "", ""
519, 3548, "1", "Douera", "1411", "16", "16054", "36.670882", "2.941925", "Rue du marche-douera-alger", "023 32 80 06", "", ""
520, 3549, "1", "Mira", "1505", "16", "0", "36.798209", "3.051151", "72,avenue ct mira,bologhine-alger", "021 97 77 25", "", ""
521, 3550, "2", "Nasri", "1158", "16", "0", "36.806391", "3.039699", "116,avenue ziar abdelkader-bologhine-alger", "021 95 13 75 - 11 66", "", ""
522, 3551, "2", "Benyahia", "1162", "16", "12008", "36.811805", "2.982242", "Rue cote vert n", "023 15 75 88", "", ""
523, 3552, "2", "Youbi", "1312", "16", "16046", "36.713550", "2.843811", "Cite 24 fevrier 66 logts-zeralda-alger", "023 32 50 57", "", ""
524, 3553, "2", "Guelil", "1316", "16", "0", "36.706560", "3.024610 ", "Lot lezrgui n", "021 35 79 03", "", ""
525, 3554, "2", "Niati", "1320", "16", "16025", "36.817614", "3.013635", "14,rue el achir-rais hamidou-alger", "023 17 62 87", "", ""
526, 3555, "2", "Rouag", "1324", "16", "12008", "36.810889", "2.951889", "Cite rabah aissou-bt 01-local n", "023 21 60 44", "", ""
527, 3556, "2", "Harrat", "1332", "16", "16005", "36.7955626", "3.0469178", "Rue ammar ben aissa n", "021 62 17 54", "", ""
528, 3557, "2", "Younsi", "1333", "16", "16052", "33.741482", "3.002879", "Rue boudjemaa khelil n", "021 30 76 00", "", ""
529, 3558, "2", "Azzouni", "1334", "16", "0", "36.7333382", "3.037302", "Cite aadl n", "021-54-33-91", "", ""
530, 3559, "2", "Djaafri", "1335", "16", "16032", "36.780782", "2.982155", "10,rue ibrahim hadjres-beni messous-alger", "023 13 10 34", "", ""
531, 3560, "2", "Bouchelaghem", "1337", "16", "0", "36.778363", "3.018177", "Lot valores ii-villa n", "023 19 15 05", "", ""
532, 3561, "2", "Krimat", "1338", "16", "16018", "36.728847", "3.080249", "78,avenue les freres abdesselami-vieux kouba-alger", "021-28-41-30  -  60", "", ""
533, 3562, "2", "Argoub", "1339", "16", "16050", "36.7669479", "2.956041", "08,rue arbadji salah-cheraga-alger", "021 37 05 29", "", ""
534, 3563, "2", "Assous", "1340", "16", "0", "36.772160", "3.006016", "Cite fougeroux bt m04-local 03-bouzereah-alger", "023-19-24-90", "", ""
535, 3564, "2", "Terrafi", "1375", "16", "16050", "36.762775", "2.927755", "Rue djaafer slimane n", "021 38 67 80 - 021 37 93 92", "", ""
536, 3565, "2", "Amrane", "1377", "16", "0", "36.705341", "3.077583", "Centre commercial chaili- 720 logts-local n", "-", "", ""
537, 3566, "2", "Yahiaoui", "1395", "16", "16050", "36.765833", "2.951667", "Cite alioua fodil n", "023 36 15 65 - 61", "", ""
538, 3567, "2", "Doudou", "1399", "16", "16010", "36.798600", "3.032499", "Bd colonel bouguara bt a3 n", "023 37 64 18", "", ""
539, 3568, "2", "Belhaoua", "1414", "16", "16050", "36.738081", "2.947097", "Route de bouchaoui ouled fayet n", "023 28 00 25", "", ""
540, 3569, "2", "Cheraouti", "1550", "16", "16053", "36.721523", "2.9992208", "Cite 142 logts -bt 11-local 21-draria -alger", "023 33 02 84", "", ""
541, 3570, "1", "DABDABA", "34011", "34", , "31.6302937", "-2.198717517", "ZONE URBAINE HAI ELFATH Numro 02 DABDABA BECHAR", "0657-29-84-96", "BENLABES.ABDELHAFID@saa.dz", 
542, 3571, "1", "AOUGROUT", "34061", "34", , "28.7023753", "0.338616817", "HAI TABERGHANINE AOUGROUT ADRAR", "0657-29-84-98", "benchachou.nassim@saa.dz", 
543, 3572, "1", "REGGANE", "34071", "34", , "26.7235466", "0.169045615", "RUE AL AMIR ABD ELKADER MARCHE COUVERTE REGGANE ADRAR", "049-97-13-36", "bakhanti.abdelkrim@saa.dz", 
544, 3573, "2", "TAMERT MAHMOUD ", "2884", "28", , "36.73150", "5.05234", "RUE KRIM BELKACEM  BEJAIA ", "034 11 49 83", "tamertmahmoud@saa.dz", 
545, 3574, "2", "HAMZAOUI TAYEB ", "2885", "28", , "36.7462944", "5.0488159", "Promotion Immobilier EDIMCO  lot Numro 29 Lotissement Numro 07 lot 112 Bejaia ", "034 11 39 28", "hamzaoui.tayeb@saa.dz", 
546, 3575, "2", "Ahmed - BETTANE ", "2886", "28", , "36.610990", "4.694239", "RUE DA LA GARE sAICH BEJAIA ", "034 86 05 03", "bettane.ahmed@saa.dz", 
547, 3576, "2", "DRISSI Hakim ", "2887", "28", , "36.754296", "5.062073", "Lotissement  Bouali Numro 5 Sidi Ahmed BEJAIA ", "034 17 54 04", "drissi.hakim@saa.dz", 
548, 3577, "2", "BOURENNANE Sonia", "2888", "0", , "36.6584127", "5.1839433", "cit 68 logs Numro 01 BAKARO Tichy Bejaia ", "34154467", "bourennane.sonia@saa.dz", 
549, 3578, "2", "TENNOUNE DALIA", "2889", "0", , "36.736655", "5.051041", "Rue GUIFFRI ALI Cit Remla ", "34172898", "aghidali2014@gmail.com", 
550, 3579, "1", "TELAGH", "2407", "22", , "34.785594", "-0.571855", "RUE LIEUTENANT KADDOUR TELAGH, SIDI BEL ABBES ", "048 -78-77-08", "abdelhakem.abdelkader@saa.dz", 
551, 3580, "2", "Mr AMRANE ZAKI", "2459", "22", , "35.185254", "-0.638486", "CITE MUSTAPHA BEN BOULAID Numro 20 RUE AMARNA , ROUTE DE TELAGH, SIDI BEL ABBES ", "048- 72- 60 -54", "amrane.zakaria@saa.dz", 
552, 3581, "2", "Mme LAZAAR NACERA", "2460", "22", , "35.207644", "-0.626592", "Cit Sidi Djilali zone nord, groupement 199LSPBTS N 12  SIDI BEL ABBES ", "048- 74- 92- 51", "lazaarnacera@gmail.com", 
553, 3582, "2", "Mr NAJJARI MOHAMED NAJIB", "2463", "22", , "35.218449", "-0.613035", "Numro  01 BLOC 'C' CITE82 LOGEMENT B - ALLAHCITE LE ROCHER  ", "048-76-65-29", "najjari.najibo@gmail.com", 
554, 3583, "2", "Mr  BOUKENTAR   MOHAMED", "2464", "22", , "35.180653", "-0.631072", "CITE173 LOGEMENT BLOC 'B' LOCAL Numro 05 MAKAM CHAHID SBA ", "048-77-19-81", "boukentarmohammed@gmail.com", 
555, 3584, "2", "  OULD ALI MALEK", "2052", "15", , "36.7018964449078", "4.03682451051377", "RUE DES FRERES BELHADJ IMMEUBLE MENDJEZ TIZI OUZOU ", "(026) 20 02 32", "ouldali.malek@saa.dz", 
556, 3585, "2", "A.G.A. LAKRIB", "2081", "15", , "36.7151001214679", "4.03702849677923", "COOPERATIVE KABYLIA BAT B. TOURS VILLA  T.OUZOU ", "(026) 12 48 55", "lakrib.mehidine@saa.dz", 
557, 3586, "2", " NEMIR NADIA NEE KEDDAR", "2082", "15", , "36.5920949329198", "4.08131012947864", "ROUTE TALA EL HAD, OUADHIAS CENTRE ", "(026) 32 55 81", "nemir.nadia@saa.dz", 
558, 3587, "1", "ANTENNE B-DJILALI", "16011", "9", , "36.48503726751199", "2.8169783468572986", "BOUNAAMA DJILALI BLIDA  ", "025 22 00 90", "saaag16011@gmail.com", 
559, 3588, "1", "ANTENNE O-YAICHE", "16021", "9", , "36.492108724074505", "2.8536926432487597", "CITE 132 LOGTS BT A22 Numro  11 OULED YAICHE ", "025 20 40 94", "lyes.saadallah1602@gmail.com - saa 16021@gmail.com", 
560, 3589, "1", "ANTENNE CHIFFA", "16111", "9", , "36.461767053479484", "2.7387687031335517", "Rue, FILS DES MARTYRS ZOUAOUI BEN AICHA ", "025 37 99 85", "sahraoui.chemeddine@saa.dz", 
561, 3590, "1", "BOUMEDFAA", "17011", "9", , "36.36623543599395", "2.463994502251903", "RUE DE LA REPUBLIQUE MILIANA AIN DEFLA", "025 54 55 52", "saaboumedfaa@gmail.com", 
562, 3591, "2", "BENILLES MED", "1662", "26", , "36.261636911735096", "2.759108292703258", "22B,RUE DES FRERES KALACHE MEDEA", "025 79 36 70 ", "saa.benilles1850@gmail.com", 
563, 3594, "2", "CHAILI RAFIK", "1664", "9", , "36.56959145486901", "2.911840699515365", "37, RUE MEHIEDDINE KHALED, BOUFARIK", "025 39.50.55", "chaili.rafik@outlook.com", 
564, 3595, "2", "KARA CHERIF", "1665", "42", , "36.586862073268655", "2.434674403514632", "916 LGTS BT B3 C4 N:42 AADL TIPAZA", "024 37 47 45", "karacherif65@gmail.com", 
565, 3596, "2", "BENABAS", "1166", "16", , "36.642117", "2.993136", "CITE CNEP 297 LOGT -BIRTOUTA", "023 59 25 99", "saabirtouta1166@gmail.com", 
566, 3597, "1", "AUTO MOTOR CENTER", "14041", "16", , "36.814025", "2.968841", "404 AVENUE HAMID KEBLAGE-HAMMAMET-ALGER", "021 95 97 37", "saaainbenian@gmail.com", 
567, 3598, "2", "ALLLOU  MOURAD", "1279", "16", , "36.74782", "3.18994", "Numro 04 Avenue Colonel Bouguerra,Bordj el Kiffan,Alger", "021 20 29 36", "allou.mourad@saa.dz", 
568, 3601, "2", "mabed ahmed", "1280", "16", , "36.72108", "3.19976", "Cit AADL 02,EL Moussalaha Al Wataniya Bt26 Numro 14 Bab Ezzouar", "023.83.72.94", "mabed.ahmes@saa.dz", 
569, 3602, "2", "touazi mourad", "1281", "16", , "36.76962", "3.23295", "CITE 216 LOGT BT 11 LOCAL Numro 01 BORDJ EL KIFFAN ", "023 71 43 06", "touazi.mourad@saa.dz", 
570, 3603, "2", "BELLIH Meriem ", "1282", "16", , "36.71411", "3.21362", "Cit 1er Novembre lot 24 Numro 74 DAR EL BEIDA   ", "023 82 37 85  - 023 82 31 88", "belli.meriem@saa.dz", 
571, 3604, "2", "labaci walid ", "1283", "16", , "36.73474", "3.232313717", "cite el hamz 04 Numro 46 DAR EL BEIDA ", "023 85 63 71", "labaci.walid@saa.dz", 
572, 3605, "2", "FERHA  ABDELHAMID", "12771", "16", , "36.60952", "3.08875", "CITE CHATEAU ROUGE,ROUTE NATIONALE Numro 08 LOT Numro 90 LOCAL 'E' EUCALYPTUS ", "021 50 36 24", "ferha.abdelhamid@saa.dz ", 
